timestamp,humidity,pressure,monoxyde_carbone,nicotine,carbone,temperature,air_quality
2023-05-18 16:46:20.138,99,1033,1,1,0,19,6
2023-05-18 16:46:20.139,74,985,0,0,1,1,4
2023-05-18 16:46:20.141,72,1043,1,1,0,30,6
2023-05-18 16:46:20.142,29,998,1,1,0,21,6
2023-05-18 16:46:20.144,37,1042,0,1,0,30,3
2023-05-18 16:46:20.145,95,1046,0,1,1,8,4
2023-05-18 16:46:20.147,74,981,0,1,1,25,4
2023-05-18 16:46:20.148,34,1024,0,0,1,30,4
2023-05-18 16:46:20.150,99,1018,0,0,1,2,4
2023-05-18 16:46:20.151,14,1058,0,0,1,22,4
2023-05-18 16:46:20.153,33,1064,1,1,1,9,6
2023-05-18 16:46:20.154,42,1082,0,1,1,1,4
2023-05-18 16:46:20.156,49,1034,0,1,0,33,3
2023-05-18 16:46:20.157,94,1051,1,0,1,3,6
2023-05-18 16:46:20.159,56,1084,1,0,0,2,6
2023-05-18 16:46:20.160,68,1056,1,0,0,34,6
2023-05-18 16:46:20.162,12,1055,1,1,0,6,6
2023-05-18 16:46:20.163,76,1048,1,0,0,11,6
2023-05-18 16:46:20.165,24,1034,0,0,0,12,0
2023-05-18 16:46:20.166,49,981,1,1,1,11,6
2023-05-18 16:46:20.168,3,1072,1,1,1,30,6
2023-05-18 16:46:20.170,13,1016,1,0,1,25,6
2023-05-18 16:46:20.171,76,1058,1,0,0,6,6
2023-05-18 16:46:20.173,79,1036,1,0,0,6,6
2023-05-18 16:46:20.175,35,1068,0,1,1,1,4
2023-05-18 16:46:20.177,75,1038,0,0,0,13,1
2023-05-18 16:46:20.179,77,1033,0,1,0,18,3
2023-05-18 16:46:20.182,79,1055,0,0,0,6,1
2023-05-18 16:46:20.184,32,1064,0,1,0,7,3
2023-05-18 16:46:20.186,20,996,0,1,1,10,4
2023-05-18 16:46:20.189,57,981,1,1,1,5,6
2023-05-18 16:46:20.191,14,989,0,1,0,8,3
2023-05-18 16:46:20.193,76,1059,1,1,1,25,6
2023-05-18 16:46:20.196,61,1086,1,1,1,8,6
2023-05-18 16:46:20.198,96,1034,1,1,0,6,6
2023-05-18 16:46:20.201,60,1010,1,1,1,31,6
2023-05-18 16:46:20.203,87,1045,0,0,0,20,1
2023-05-18 16:46:20.205,33,1022,1,0,1,9,6
2023-05-18 16:46:20.207,39,982,0,0,1,15,4
2023-05-18 16:46:20.209,14,1055,0,1,0,25,3
2023-05-18 16:46:20.211,2,993,0,1,0,32,3
2023-05-18 16:46:20.213,23,1011,1,0,1,2,6
2023-05-18 16:46:20.215,61,1035,1,1,1,27,6
2023-05-18 16:46:20.218,66,1078,1,0,1,16,6
2023-05-18 16:46:20.220,36,1005,1,1,1,0,6
2023-05-18 16:46:20.222,41,1010,1,1,0,4,6
2023-05-18 16:46:20.225,35,1080,1,0,0,24,6
2023-05-18 16:46:20.227,76,1037,0,1,0,9,3
2023-05-18 16:46:20.229,46,1018,0,0,1,5,4
2023-05-18 16:46:20.232,16,1079,0,0,0,5,0
2023-05-18 16:46:20.234,47,1009,1,0,1,17,6
2023-05-18 16:46:20.237,80,1062,0,1,1,18,4
2023-05-18 16:46:20.239,18,1060,0,1,0,8,3
2023-05-18 16:46:20.241,75,1055,0,0,1,21,4
2023-05-18 16:46:20.243,7,1036,0,0,0,31,0
2023-05-18 16:46:20.245,62,1027,1,1,0,23,6
2023-05-18 16:46:20.248,88,1009,0,0,0,29,1
2023-05-18 16:46:20.249,58,1051,0,0,1,28,4
2023-05-18 16:46:20.251,84,1035,1,1,0,29,6
2023-05-18 16:46:20.254,65,1018,1,1,1,32,6
2023-05-18 16:46:20.256,73,1016,1,1,1,11,6
2023-05-18 16:46:20.259,52,997,0,0,0,10,1
2023-05-18 16:46:20.262,97,981,1,0,0,33,6
2023-05-18 16:46:20.264,41,1003,1,0,1,1,6
2023-05-18 16:46:20.267,66,999,0,1,1,24,4
2023-05-18 16:46:20.269,53,1067,0,0,0,18,1
2023-05-18 16:46:20.272,19,1000,0,1,1,23,4
2023-05-18 16:46:20.274,75,980,1,0,1,23,6
2023-05-18 16:46:20.277,78,983,0,0,1,34,5
2023-05-18 16:46:20.279,81,1068,0,1,1,31,5
2023-05-18 16:46:20.281,84,1091,0,0,0,21,2
2023-05-18 16:46:20.284,84,1041,1,0,0,0,6
2023-05-18 16:46:20.286,99,1076,0,1,0,10,3
2023-05-18 16:46:20.289,90,1004,0,1,0,12,3
2023-05-18 16:46:20.291,10,1047,0,0,1,29,4
2023-05-18 16:46:20.294,58,1052,1,1,1,16,6
2023-05-18 16:46:20.297,17,1003,0,0,0,19,0
2023-05-18 16:46:20.299,65,1026,1,0,0,12,6
2023-05-18 16:46:20.302,60,1093,1,1,0,10,6
2023-05-18 16:46:20.304,14,1084,0,1,1,25,4
2023-05-18 16:46:20.307,32,983,1,0,1,23,6
2023-05-18 16:46:20.309,12,1075,1,0,0,32,6
2023-05-18 16:46:20.312,66,1030,0,0,0,12,1
2023-05-18 16:46:20.315,64,997,0,0,0,31,1
2023-05-18 16:46:20.317,56,1034,0,0,1,6,4
2023-05-18 16:46:20.320,62,1022,1,1,1,18,6
2023-05-18 16:46:20.323,61,1024,1,1,1,19,6
2023-05-18 16:46:20.325,81,992,1,1,1,5,6
2023-05-18 16:46:20.328,45,1060,1,1,0,23,6
2023-05-18 16:46:20.331,37,999,0,1,1,27,4
2023-05-18 16:46:20.333,52,1013,1,1,1,6,6
2023-05-18 16:46:20.336,14,995,0,1,1,16,4
2023-05-18 16:46:20.338,30,1098,0,0,0,30,0
2023-05-18 16:46:20.342,84,1087,1,1,0,24,6
2023-05-18 16:46:20.345,56,1008,1,0,1,6,6
2023-05-18 16:46:20.348,87,994,0,1,1,16,4
2023-05-18 16:46:20.350,36,1057,1,0,0,3,6
2023-05-18 16:46:20.352,37,1067,0,0,0,19,0
2023-05-18 16:46:20.354,86,1051,1,0,1,15,6
2023-05-18 16:46:20.356,88,1003,1,0,1,11,6
2023-05-18 16:46:20.357,29,997,1,0,0,25,6
2023-05-18 16:46:20.359,84,1032,1,1,1,3,6
2023-05-18 16:46:20.360,4,995,0,1,1,4,4
2023-05-18 16:46:20.362,68,1014,0,0,0,0,1
2023-05-18 16:46:20.364,99,996,1,0,0,32,6
2023-05-18 16:46:20.366,70,1001,0,0,0,10,1
2023-05-18 16:46:20.368,68,981,0,0,1,12,4
2023-05-18 16:46:20.371,83,1075,0,0,1,20,4
2023-05-18 16:46:20.373,46,1021,0,0,0,4,1
2023-05-18 16:46:20.375,36,1042,0,1,1,15,4
2023-05-18 16:46:20.378,94,1029,0,1,1,1,4
2023-05-18 16:46:20.380,99,1093,1,0,1,20,6
2023-05-18 16:46:20.383,70,1005,1,1,0,19,6
2023-05-18 16:46:20.385,95,987,1,1,1,30,6
2023-05-18 16:46:20.387,27,988,1,1,1,9,6
2023-05-18 16:46:20.390,75,1055,0,1,1,27,4
2023-05-18 16:46:20.392,35,1006,1,0,1,15,6
2023-05-18 16:46:20.394,48,1008,1,0,1,33,6
2023-05-18 16:46:20.396,99,1065,1,0,0,6,6
2023-05-18 16:46:20.399,78,1006,1,1,0,28,6
2023-05-18 16:46:20.401,9,1086,0,0,1,20,4
2023-05-18 16:46:20.403,88,1001,0,1,0,19,3
2023-05-18 16:46:20.405,77,1021,0,0,0,30,1
2023-05-18 16:46:20.407,26,1092,1,1,0,24,6
2023-05-18 16:46:20.409,7,982,1,1,0,22,6
2023-05-18 16:46:20.411,62,1001,1,0,1,11,6
2023-05-18 16:46:20.413,65,998,1,1,0,25,6
2023-05-18 16:46:20.415,74,1003,0,0,1,14,4
2023-05-18 16:46:20.418,79,1018,1,0,0,15,6
2023-05-18 16:46:20.420,54,986,0,0,0,12,1
2023-05-18 16:46:20.421,57,1041,0,0,0,26,1
2023-05-18 16:46:20.424,41,1095,0,0,0,9,0
2023-05-18 16:46:20.425,97,1002,0,0,0,1,1
2023-05-18 16:46:20.427,16,991,0,0,0,3,0
2023-05-18 16:46:20.429,45,1078,1,0,1,8,6
2023-05-18 16:46:20.431,84,1045,0,0,0,8,1
2023-05-18 16:46:20.433,46,1054,0,0,1,14,4
2023-05-18 16:46:20.435,92,1036,1,1,0,33,6
2023-05-18 16:46:20.437,8,1016,1,0,0,2,6
2023-05-18 16:46:20.439,87,1079,0,0,1,4,4
2023-05-18 16:46:20.441,25,1057,1,1,0,24,6
2023-05-18 16:46:20.444,2,1008,0,0,0,30,0
2023-05-18 16:46:20.446,3,1010,1,1,0,22,6
2023-05-18 16:46:20.448,4,1068,1,0,0,10,6
2023-05-18 16:46:20.450,29,1019,0,1,0,17,3
2023-05-18 16:46:20.452,35,992,0,1,0,30,3
2023-05-18 16:46:20.454,16,1058,1,1,0,0,6
2023-05-18 16:46:20.456,72,1021,1,1,0,27,6
2023-05-18 16:46:20.458,80,1051,0,1,0,9,3
2023-05-18 16:46:20.460,72,1028,0,0,1,7,4
2023-05-18 16:46:20.462,11,1095,0,1,1,20,4
2023-05-18 16:46:20.464,26,1072,1,0,0,19,6
2023-05-18 16:46:20.466,96,980,0,1,0,31,3
2023-05-18 16:46:20.468,6,999,1,1,0,4,6
2023-05-18 16:46:20.470,81,1003,0,1,1,0,4
2023-05-18 16:46:20.472,68,1088,0,0,1,5,4
2023-05-18 16:46:20.474,46,1066,0,0,1,4,4
2023-05-18 16:46:20.477,13,986,1,1,1,31,6
2023-05-18 16:46:20.479,6,1046,1,0,1,13,6
2023-05-18 16:46:20.481,14,1054,1,1,1,24,6
2023-05-18 16:46:20.484,65,1061,1,1,1,14,6
2023-05-18 16:46:20.486,69,1017,1,1,1,20,6
2023-05-18 16:46:20.488,87,989,0,1,0,32,3
2023-05-18 16:46:20.491,63,1071,1,1,0,24,6
2023-05-18 16:46:20.493,4,1007,1,1,0,29,6
2023-05-18 16:46:20.495,21,1022,1,1,1,34,6
2023-05-18 16:46:20.498,6,1081,1,0,1,23,6
2023-05-18 16:46:20.500,73,1010,0,1,0,6,3
2023-05-18 16:46:20.503,34,1053,1,1,1,25,6
2023-05-18 16:46:20.505,64,1079,0,0,1,16,4
2023-05-18 16:46:20.507,64,1024,0,1,1,34,5
2023-05-18 16:46:20.510,15,1039,0,1,0,2,3
2023-05-18 16:46:20.512,30,1092,0,0,0,7,0
2023-05-18 16:46:20.514,8,1030,1,1,0,10,6
2023-05-18 16:46:20.517,73,1048,1,1,1,3,6
2023-05-18 16:46:20.519,23,1065,1,0,0,9,6
2023-05-18 16:46:20.522,28,1044,1,0,0,26,6
2023-05-18 16:46:20.524,16,1024,0,0,0,27,0
2023-05-18 16:46:20.526,87,1072,1,0,0,32,6
2023-05-18 16:46:20.529,42,1066,0,0,1,31,5
2023-05-18 16:46:20.530,99,998,1,1,0,8,6
2023-05-18 16:46:20.532,69,998,1,1,1,6,6
2023-05-18 16:46:20.534,0,1054,1,0,0,30,6
2023-05-18 16:46:20.536,67,984,1,0,0,21,6
2023-05-18 16:46:20.538,43,1025,0,1,0,13,3
2023-05-18 16:46:20.541,64,1048,0,0,0,26,1
2023-05-18 16:46:20.543,49,1070,0,1,0,22,3
2023-05-18 16:46:20.544,56,992,0,0,0,25,1
2023-05-18 16:46:20.546,6,1066,1,1,1,32,6
2023-05-18 16:46:20.547,88,1026,1,1,0,0,6
2023-05-18 16:46:20.549,92,1015,0,1,0,4,3
2023-05-18 16:46:20.550,44,1060,1,0,0,8,6
2023-05-18 16:46:20.553,52,1015,0,0,0,9,1
2023-05-18 16:46:20.555,6,1023,0,0,1,13,4
2023-05-18 16:46:20.557,22,1028,0,1,1,12,4
2023-05-18 16:46:20.559,27,998,1,0,0,17,6
2023-05-18 16:46:20.561,98,1018,0,1,0,6,3
2023-05-18 16:46:20.563,57,1059,1,0,0,24,6
2023-05-18 16:46:20.565,1,1040,1,0,1,21,6
2023-05-18 16:46:20.567,31,981,1,0,1,34,6
2023-05-18 16:46:20.569,12,1058,1,0,1,2,6
2023-05-18 16:46:20.571,25,1033,0,1,0,9,3
2023-05-18 16:46:20.573,96,1007,0,0,1,0,4
2023-05-18 16:46:20.576,43,1081,1,0,1,7,6
2023-05-18 16:46:20.578,82,1077,1,1,0,10,6
2023-05-18 16:46:20.580,95,1019,1,0,0,25,6
2023-05-18 16:46:20.582,26,1043,1,1,1,18,6
2023-05-18 16:46:20.584,19,1095,0,1,0,18,3
2023-05-18 16:46:20.586,87,1032,0,1,0,21,3
2023-05-18 16:46:20.589,99,1049,1,0,0,0,6
2023-05-18 16:46:20.591,75,1003,1,1,0,8,6
2023-05-18 16:46:20.593,55,1070,1,0,0,33,6
2023-05-18 16:46:20.595,19,1094,0,1,0,33,3
2023-05-18 16:46:20.597,16,983,0,1,1,9,4
2023-05-18 16:46:20.599,45,1006,1,0,1,20,6
2023-05-18 16:46:20.601,23,1094,1,0,0,20,6
2023-05-18 16:46:20.603,54,1027,1,1,0,7,6
2023-05-18 16:46:20.605,8,1039,0,0,0,33,0
2023-05-18 16:46:20.607,17,1047,0,0,1,31,5
2023-05-18 16:46:20.609,92,1074,1,1,0,32,6
2023-05-18 16:46:20.611,97,1018,0,1,1,20,4
2023-05-18 16:46:20.614,12,1026,0,0,0,2,0
2023-05-18 16:46:20.616,19,992,0,0,0,4,0
2023-05-18 16:46:20.618,36,1040,1,0,0,1,6
2023-05-18 16:46:20.620,69,1068,0,1,1,13,4
2023-05-18 16:46:20.622,88,1087,0,1,0,21,3
2023-05-18 16:46:20.624,80,1027,1,0,1,17,6
2023-05-18 16:46:20.626,61,1042,1,1,1,2,6
2023-05-18 16:46:20.628,26,1005,1,1,0,11,6
2023-05-18 16:46:20.631,93,1014,1,0,1,31,6
2023-05-18 16:46:20.633,77,1045,0,0,1,24,4
2023-05-18 16:46:20.635,48,1015,1,1,0,23,6
2023-05-18 16:46:20.638,88,1088,1,1,0,8,6
2023-05-18 16:46:20.640,25,1030,1,0,1,31,6
2023-05-18 16:46:20.642,13,1083,1,0,1,25,6
2023-05-18 16:46:20.644,2,1075,0,1,1,33,5
2023-05-18 16:46:20.646,58,1063,1,0,1,20,6
2023-05-18 16:46:20.648,77,1032,0,1,1,1,4
2023-05-18 16:46:20.650,77,984,0,0,1,13,4
2023-05-18 16:46:20.652,81,993,0,1,1,23,4
2023-05-18 16:46:20.654,62,1079,1,1,1,23,6
2023-05-18 16:46:20.655,6,1052,0,0,0,23,0
2023-05-18 16:46:20.657,91,1047,1,1,1,23,6
2023-05-18 16:46:20.658,50,1017,0,0,1,18,4
2023-05-18 16:46:20.660,21,1004,1,0,0,19,6
2023-05-18 16:46:20.661,51,1084,0,0,0,31,0
2023-05-18 16:46:20.663,76,1093,1,0,0,17,6
2023-05-18 16:46:20.664,69,1003,0,0,1,25,4
2023-05-18 16:46:20.666,6,1070,0,0,0,23,0
2023-05-18 16:46:20.667,28,1050,1,0,0,30,6
2023-05-18 16:46:20.669,12,1097,0,1,0,8,3
2023-05-18 16:46:20.670,34,985,1,1,0,25,6
2023-05-18 16:46:20.672,63,995,0,0,1,22,4
2023-05-18 16:46:20.673,12,1099,0,0,1,6,4
2023-05-18 16:46:20.675,90,1006,1,0,1,14,6
2023-05-18 16:46:20.676,92,994,0,1,1,24,4
2023-05-18 16:46:20.678,41,1067,1,1,1,25,6
2023-05-18 16:46:20.680,57,1002,0,1,0,29,3
2023-05-18 16:46:20.682,76,990,1,1,1,22,6
2023-05-18 16:46:20.684,59,1024,1,0,1,10,6
2023-05-18 16:46:20.686,50,1029,0,1,0,26,3
2023-05-18 16:46:20.688,73,1056,1,1,0,10,6
2023-05-18 16:46:20.690,96,986,1,0,1,33,6
2023-05-18 16:46:20.692,5,1057,0,0,1,9,4
2023-05-18 16:46:20.694,47,1047,0,1,1,32,5
2023-05-18 16:46:20.696,18,994,1,0,1,24,6
2023-05-18 16:46:20.698,55,1095,1,0,1,6,6
2023-05-18 16:46:20.701,84,1045,1,1,1,12,6
2023-05-18 16:46:20.703,92,1023,0,1,1,10,4
2023-05-18 16:46:20.705,70,1069,1,1,0,26,6
2023-05-18 16:46:20.707,1,1018,0,1,1,15,4
2023-05-18 16:46:20.710,2,1020,1,1,0,22,6
2023-05-18 16:46:20.712,53,1004,0,0,1,16,4
2023-05-18 16:46:20.714,26,1060,1,0,1,12,6
2023-05-18 16:46:20.717,31,1060,1,1,1,18,6
2023-05-18 16:46:20.719,2,1037,0,1,0,30,3
2023-05-18 16:46:20.721,93,1029,1,0,1,13,6
2023-05-18 16:46:20.723,99,1052,1,1,1,16,6
2023-05-18 16:46:20.726,28,1001,0,0,0,27,0
2023-05-18 16:46:20.728,35,980,1,1,0,7,6
2023-05-18 16:46:20.730,57,1036,0,1,1,21,4
2023-05-18 16:46:20.732,11,1031,0,1,0,14,3
2023-05-18 16:46:20.734,56,1087,1,1,1,14,6
2023-05-18 16:46:20.736,25,1066,1,1,1,16,6
2023-05-18 16:46:20.738,95,1079,1,0,0,17,6
2023-05-18 16:46:20.740,59,1080,1,1,0,28,6
2023-05-18 16:46:20.743,4,1000,0,1,1,4,4
2023-05-18 16:46:20.745,46,1074,1,0,0,16,6
2023-05-18 16:46:20.747,36,1039,1,0,1,1,6
2023-05-18 16:46:20.749,33,1024,1,0,1,22,6
2023-05-18 16:46:20.752,0,1033,0,0,0,3,0
2023-05-18 16:46:20.754,52,1051,0,0,1,16,4
2023-05-18 16:46:20.756,92,992,0,1,1,27,4
2023-05-18 16:46:20.758,71,1015,0,1,1,12,4
2023-05-18 16:46:20.761,98,1086,0,0,0,13,2
2023-05-18 16:46:20.763,10,1071,1,1,0,34,6
2023-05-18 16:46:20.765,79,1033,0,1,1,21,4
2023-05-18 16:46:20.768,97,1088,0,0,0,31,2
2023-05-18 16:46:20.770,91,998,0,1,0,22,3
2023-05-18 16:46:20.772,93,1000,0,0,1,28,4
2023-05-18 16:46:20.774,61,1037,0,1,1,23,4
2023-05-18 16:46:20.776,17,1001,1,0,0,18,6
2023-05-18 16:46:20.779,90,1060,0,0,1,34,5
2023-05-18 16:46:20.781,41,1052,0,0,1,33,5
2023-05-18 16:46:20.783,39,1092,0,0,1,27,4
2023-05-18 16:46:20.785,79,1014,0,0,0,7,1
2023-05-18 16:46:20.788,95,1083,0,0,0,29,2
2023-05-18 16:46:20.790,94,1012,1,0,1,30,6
2023-05-18 16:46:20.791,57,995,0,1,0,32,3
2023-05-18 16:46:20.793,62,1011,0,0,0,31,1
2023-05-18 16:46:20.795,14,1024,1,1,1,9,6
2023-05-18 16:46:20.797,45,1062,1,0,0,21,6
2023-05-18 16:46:20.799,69,1024,0,1,1,1,4
2023-05-18 16:46:20.801,92,1019,1,1,0,24,6
2023-05-18 16:46:20.803,18,988,1,1,1,9,6
2023-05-18 16:46:20.806,16,1079,0,1,0,16,3
2023-05-18 16:46:20.808,54,1067,1,1,1,15,6
2023-05-18 16:46:20.810,47,1068,1,1,1,32,6
2023-05-18 16:46:20.812,79,1091,1,0,0,27,6
2023-05-18 16:46:20.815,73,1035,1,0,1,9,6
2023-05-18 16:46:20.817,82,1054,0,0,0,24,1
2023-05-18 16:46:20.819,81,1082,1,0,1,3,6
2023-05-18 16:46:20.821,95,1001,0,1,0,19,3
2023-05-18 16:46:20.823,6,1056,1,1,0,18,6
2023-05-18 16:46:20.825,41,1062,1,0,1,0,6
2023-05-18 16:46:20.828,86,1033,1,0,1,31,6
2023-05-18 16:46:20.830,28,1058,0,0,0,29,0
2023-05-18 16:46:20.832,36,1044,1,1,0,8,6
2023-05-18 16:46:20.835,59,1019,1,0,1,11,6
2023-05-18 16:46:20.837,70,1063,1,1,1,22,6
2023-05-18 16:46:20.839,18,1064,0,0,1,11,4
2023-05-18 16:46:20.842,20,1046,0,1,1,11,4
2023-05-18 16:46:20.844,7,1049,1,0,1,25,6
2023-05-18 16:46:20.846,28,1094,0,0,1,21,4
2023-05-18 16:46:20.848,99,1027,0,1,0,16,3
2023-05-18 16:46:20.851,1,1011,1,0,1,9,6
2023-05-18 16:46:20.853,79,1088,0,1,1,23,4
2023-05-18 16:46:20.856,26,1013,0,1,1,26,4
2023-05-18 16:46:20.858,37,1087,1,1,0,10,6
2023-05-18 16:46:20.860,68,1092,1,1,1,3,6
2023-05-18 16:46:20.863,23,1095,0,0,0,32,0
2023-05-18 16:46:20.865,30,988,1,1,1,9,6
2023-05-18 16:46:20.867,33,1009,1,0,0,10,6
2023-05-18 16:46:20.870,0,1081,0,1,1,30,4
2023-05-18 16:46:20.872,97,1021,1,0,1,20,6
2023-05-18 16:46:20.874,22,1094,0,1,1,31,5
2023-05-18 16:46:20.876,79,985,0,0,0,17,1
2023-05-18 16:46:20.878,26,1039,0,1,1,21,4
2023-05-18 16:46:20.881,12,1018,0,0,0,2,0
2023-05-18 16:46:20.883,52,1049,1,1,0,2,6
2023-05-18 16:46:20.886,19,1042,0,0,1,27,4
2023-05-18 16:46:20.888,17,1080,0,0,1,6,4
2023-05-18 16:46:20.890,5,1079,0,1,1,29,4
2023-05-18 16:46:20.892,85,1051,0,1,0,33,3
2023-05-18 16:46:20.894,14,1034,0,0,1,29,4
2023-05-18 16:46:20.896,61,1038,0,0,1,16,4
2023-05-18 16:46:20.899,41,1039,0,0,0,17,1
2023-05-18 16:46:20.901,65,1072,0,1,0,26,3
2023-05-18 16:46:20.903,80,1098,1,1,1,12,6
2023-05-18 16:46:20.905,19,1062,1,1,1,10,6
2023-05-18 16:46:20.908,5,1054,1,1,0,20,6
2023-05-18 16:46:20.910,95,1056,0,0,1,28,4
2023-05-18 16:46:20.912,62,1039,0,1,1,28,4
2023-05-18 16:46:20.914,40,1025,0,1,1,4,4
2023-05-18 16:46:20.917,45,983,0,0,0,25,1
2023-05-18 16:46:20.919,62,1071,1,1,0,30,6
2023-05-18 16:46:20.921,40,1066,0,0,0,19,0
2023-05-18 16:46:20.924,11,1093,1,1,0,17,6
2023-05-18 16:46:20.926,8,1070,1,0,0,24,6
2023-05-18 16:46:20.928,77,1075,1,1,0,2,6
2023-05-18 16:46:20.930,95,1024,0,1,0,15,3
2023-05-18 16:46:20.932,3,996,1,0,0,32,6
2023-05-18 16:46:20.934,32,1019,1,0,1,22,6
2023-05-18 16:46:20.936,53,1040,1,1,0,8,6
2023-05-18 16:46:20.939,82,1054,1,1,0,15,6
2023-05-18 16:46:20.941,84,1025,0,0,1,26,4
2023-05-18 16:46:20.944,87,1099,0,1,1,4,4
2023-05-18 16:46:20.946,62,981,1,1,1,22,6
2023-05-18 16:46:20.948,99,1042,0,1,0,18,3
2023-05-18 16:46:20.950,97,1013,1,1,1,12,6
2023-05-18 16:46:20.952,58,1097,1,1,0,9,6
2023-05-18 16:46:20.955,96,1056,0,1,0,6,3
2023-05-18 16:46:20.957,52,1022,0,1,0,20,3
2023-05-18 16:46:20.959,81,1055,0,1,1,5,4
2023-05-18 16:46:20.962,13,986,1,1,0,19,6
2023-05-18 16:46:20.964,48,1075,0,1,1,2,4
2023-05-18 16:46:20.966,44,984,0,1,0,33,3
2023-05-18 16:46:20.968,5,998,1,1,0,7,6
2023-05-18 16:46:20.971,23,1057,1,1,0,16,6
2023-05-18 16:46:20.973,4,1076,1,0,0,29,6
2023-05-18 16:46:20.975,65,982,0,0,1,0,4
2023-05-18 16:46:20.978,31,1092,0,1,0,17,3
2023-05-18 16:46:20.980,43,1022,1,1,0,28,6
2023-05-18 16:46:20.982,46,995,0,0,1,1,4
2023-05-18 16:46:20.984,90,1010,1,0,0,13,6
2023-05-18 16:46:20.987,24,1008,0,0,1,11,4
2023-05-18 16:46:20.989,66,986,0,1,0,34,3
2023-05-18 16:46:20.991,8,981,1,0,1,5,6
2023-05-18 16:46:20.994,20,1048,1,0,0,32,6
2023-05-18 16:46:20.996,63,1081,0,1,1,0,4
2023-05-18 16:46:20.998,88,1039,0,1,0,30,3
2023-05-18 16:46:21.001,92,1033,1,0,1,10,6
2023-05-18 16:46:21.004,9,1010,1,1,1,6,6
2023-05-18 16:46:21.006,94,1069,0,1,0,11,3
2023-05-18 16:46:21.009,86,1048,0,1,1,3,4
2023-05-18 16:46:21.011,97,1040,0,1,0,33,3
2023-05-18 16:46:21.013,57,1077,1,1,1,29,6
2023-05-18 16:46:21.015,74,1032,1,1,1,10,6
2023-05-18 16:46:21.018,52,997,0,0,1,25,4
2023-05-18 16:46:21.020,17,1031,0,0,0,22,0
2023-05-18 16:46:21.023,0,1015,1,0,0,29,6
2023-05-18 16:46:21.025,7,986,1,1,0,17,6
2023-05-18 16:46:21.027,65,1023,1,1,0,2,6
2023-05-18 16:46:21.030,32,1044,0,0,0,15,0
2023-05-18 16:46:21.032,49,1044,0,0,0,11,1
2023-05-18 16:46:21.034,83,1081,0,0,0,2,2
2023-05-18 16:46:21.037,11,988,0,0,0,26,0
2023-05-18 16:46:21.039,61,1069,0,0,1,2,4
2023-05-18 16:46:21.041,58,1002,1,1,1,16,6
2023-05-18 16:46:21.043,18,1022,0,0,0,9,0
2023-05-18 16:46:21.045,28,1020,0,0,1,7,4
2023-05-18 16:46:21.047,28,1088,1,0,0,22,6
2023-05-18 16:46:21.049,97,1030,1,0,0,16,6
2023-05-18 16:46:21.052,72,1019,0,0,1,31,5
2023-05-18 16:46:21.054,5,1008,1,0,1,15,6
2023-05-18 16:46:21.056,40,1003,0,0,0,22,0
2023-05-18 16:46:21.058,29,1018,1,0,1,9,6
2023-05-18 16:46:21.061,96,981,0,0,0,4,1
2023-05-18 16:46:21.063,9,1091,1,0,0,8,6
2023-05-18 16:46:21.065,84,1052,0,0,1,7,4
2023-05-18 16:46:21.068,47,990,1,1,1,11,6
2023-05-18 16:46:21.070,44,1053,0,1,1,0,4
2023-05-18 16:46:21.073,62,1042,1,0,0,25,6
2023-05-18 16:46:21.074,54,1006,0,1,1,26,4
2023-05-18 16:46:21.076,70,1054,0,0,1,9,4
2023-05-18 16:46:21.078,42,1014,0,0,0,13,1
2023-05-18 16:46:21.079,38,1004,0,0,1,28,4
2023-05-18 16:46:21.081,54,1054,1,0,1,30,6
2023-05-18 16:46:21.082,73,1007,1,1,1,33,6
2023-05-18 16:46:21.084,68,998,1,1,1,21,6
2023-05-18 16:46:21.086,55,1093,0,1,0,23,3
2023-05-18 16:46:21.088,9,1054,1,0,0,6,6
2023-05-18 16:46:21.090,99,1072,0,1,1,34,5
2023-05-18 16:46:21.093,47,985,0,1,1,15,4
2023-05-18 16:46:21.095,26,1035,1,0,0,30,6
2023-05-18 16:46:21.097,58,1021,1,0,0,9,6
2023-05-18 16:46:21.100,53,998,0,0,0,12,1
2023-05-18 16:46:21.102,77,1041,0,1,0,16,3
2023-05-18 16:46:21.104,58,1016,1,1,0,2,6
2023-05-18 16:46:21.106,49,1091,0,1,1,6,4
2023-05-18 16:46:21.108,15,1033,0,1,0,10,3
2023-05-18 16:46:21.110,82,1093,0,0,1,33,5
2023-05-18 16:46:21.112,89,995,0,0,0,2,1
2023-05-18 16:46:21.114,99,1039,1,1,0,27,6
2023-05-18 16:46:21.117,17,1009,1,0,1,15,6
2023-05-18 16:46:21.119,2,1055,1,0,0,23,6
2023-05-18 16:46:21.122,75,1026,1,0,1,5,6
2023-05-18 16:46:21.124,82,1094,0,1,0,11,3
2023-05-18 16:46:21.126,55,997,0,0,1,3,4
2023-05-18 16:46:21.128,36,1035,0,1,1,22,4
2023-05-18 16:46:21.131,22,1096,0,1,1,2,4
2023-05-18 16:46:21.133,19,999,0,0,1,9,4
2023-05-18 16:46:21.135,12,1079,1,1,0,12,6
2023-05-18 16:46:21.138,95,1074,0,1,1,0,4
2023-05-18 16:46:21.140,70,1014,1,1,0,9,6
2023-05-18 16:46:21.142,64,1040,0,0,0,12,1
2023-05-18 16:46:21.145,36,1028,0,0,1,16,4
2023-05-18 16:46:21.147,3,1024,1,0,0,18,6
2023-05-18 16:46:21.149,70,1047,1,1,0,0,6
2023-05-18 16:46:21.151,22,1007,1,1,0,0,6
2023-05-18 16:46:21.153,47,1024,0,0,1,25,4
2023-05-18 16:46:21.155,85,1031,1,0,0,1,6
2023-05-18 16:46:21.157,25,1084,1,1,1,23,6
2023-05-18 16:46:21.159,70,1015,0,1,0,20,3
2023-05-18 16:46:21.161,73,1074,1,0,1,24,6
2023-05-18 16:46:21.163,53,1011,1,1,0,29,6
2023-05-18 16:46:21.165,66,1028,0,0,0,16,1
2023-05-18 16:46:21.168,0,1022,0,1,1,17,4
2023-05-18 16:46:21.170,5,1079,0,1,1,20,4
2023-05-18 16:46:21.173,5,1003,0,0,0,0,0
2023-05-18 16:46:21.175,57,1079,1,0,1,15,6
2023-05-18 16:46:21.178,13,1000,1,0,1,21,6
2023-05-18 16:46:21.180,5,1023,1,1,0,29,6
2023-05-18 16:46:21.182,55,1076,0,0,0,15,1
2023-05-18 16:46:21.185,77,1050,0,0,1,31,5
2023-05-18 16:46:21.187,73,992,1,1,1,9,6
2023-05-18 16:46:21.189,56,1007,1,0,0,26,6
2023-05-18 16:46:21.192,88,987,1,1,1,22,6
2023-05-18 16:46:21.194,57,1082,0,1,1,13,4
2023-05-18 16:46:21.197,31,1043,0,1,1,11,4
2023-05-18 16:46:21.199,31,1011,0,0,0,20,0
2023-05-18 16:46:21.201,23,1055,1,0,1,10,6
2023-05-18 16:46:21.204,37,1006,0,0,1,11,4
2023-05-18 16:46:21.206,55,1041,1,0,1,28,6
2023-05-18 16:46:21.208,54,1026,1,0,1,21,6
2023-05-18 16:46:21.211,57,1087,0,1,1,27,4
2023-05-18 16:46:21.213,28,1018,1,0,0,1,6
2023-05-18 16:46:21.215,24,1090,1,1,1,2,6
2023-05-18 16:46:21.217,73,1083,1,0,0,13,6
2023-05-18 16:46:21.220,22,1048,0,1,0,25,3
2023-05-18 16:46:21.222,50,1044,0,1,0,28,3
2023-05-18 16:46:21.225,2,1025,1,1,0,22,6
2023-05-18 16:46:21.227,94,1005,1,1,0,18,6
2023-05-18 16:46:21.229,71,1056,1,1,1,4,6
2023-05-18 16:46:21.231,70,1092,1,0,1,33,6
2023-05-18 16:46:21.233,4,1038,1,1,0,8,6
2023-05-18 16:46:21.235,66,988,1,0,0,2,6
2023-05-18 16:46:21.237,29,987,1,0,0,28,6
2023-05-18 16:46:21.240,44,1061,0,1,0,26,3
2023-05-18 16:46:21.242,25,1081,1,1,0,14,6
2023-05-18 16:46:21.245,90,1044,0,0,0,34,1
2023-05-18 16:46:21.247,13,1063,0,1,1,33,5
2023-05-18 16:46:21.249,62,1072,0,0,1,16,4
2023-05-18 16:46:21.251,51,1057,0,0,0,7,1
2023-05-18 16:46:21.253,85,1036,1,0,0,6,6
2023-05-18 16:46:21.255,69,1080,0,0,0,10,1
2023-05-18 16:46:21.257,68,1064,1,1,0,31,6
2023-05-18 16:46:21.259,39,1062,0,0,1,30,4
2023-05-18 16:46:21.261,6,1096,1,0,1,6,6
2023-05-18 16:46:21.262,74,982,0,1,1,32,5
2023-05-18 16:46:21.265,95,1030,0,1,1,30,4
2023-05-18 16:46:21.267,9,1020,1,0,0,8,6
2023-05-18 16:46:21.269,43,1065,0,1,0,6,3
2023-05-18 16:46:21.272,76,1089,1,0,1,9,6
2023-05-18 16:46:21.274,87,1015,0,1,1,28,4
2023-05-18 16:46:21.277,63,1088,0,0,0,0,0
2023-05-18 16:46:21.280,24,1003,1,1,1,12,6
2023-05-18 16:46:21.283,70,999,0,1,0,19,3
2023-05-18 16:46:21.286,8,986,0,0,1,32,5
2023-05-18 16:46:21.289,6,1004,1,1,1,33,6
2023-05-18 16:46:21.292,57,986,0,0,1,8,4
2023-05-18 16:46:21.295,0,993,1,1,1,16,6
2023-05-18 16:46:21.298,57,1009,1,0,0,23,6
2023-05-18 16:46:21.301,75,995,1,0,1,21,6
2023-05-18 16:46:21.304,5,1024,0,0,1,5,4
2023-05-18 16:46:21.308,2,1067,0,0,1,28,4
2023-05-18 16:46:21.311,35,1066,0,1,1,32,5
2023-05-18 16:46:21.314,59,985,1,0,0,16,6
2023-05-18 16:46:21.317,11,1039,0,0,0,20,0
2023-05-18 16:46:21.320,75,1087,0,1,0,24,3
2023-05-18 16:46:21.323,4,1063,1,0,1,15,6
2023-05-18 16:46:21.326,43,1030,0,1,1,19,4
2023-05-18 16:46:21.329,29,1011,1,1,0,20,6
2023-05-18 16:46:21.332,98,1028,1,1,0,4,6
2023-05-18 16:46:21.334,82,1030,1,0,0,13,6
2023-05-18 16:46:21.338,59,1093,0,0,1,15,4
2023-05-18 16:46:21.341,86,1005,1,0,1,17,6
2023-05-18 16:46:21.344,34,1074,0,1,1,5,4
2023-05-18 16:46:21.346,22,1010,1,1,1,8,6
2023-05-18 16:46:21.350,39,1018,1,1,0,34,6
2023-05-18 16:46:21.353,77,1086,1,0,0,12,6
2023-05-18 16:46:21.356,49,1074,0,0,1,5,4
2023-05-18 16:46:21.359,45,1022,0,0,1,28,4
2023-05-18 16:46:21.362,97,1075,0,0,0,11,1
2023-05-18 16:46:21.365,59,1054,0,0,1,4,4
2023-05-18 16:46:21.368,22,1005,1,1,0,22,6
2023-05-18 16:46:21.371,70,991,0,1,0,33,3
2023-05-18 16:46:21.374,84,980,0,1,0,30,3
2023-05-18 16:46:21.377,29,1098,0,0,1,11,4
2023-05-18 16:46:21.380,87,1007,0,0,1,8,4
2023-05-18 16:46:21.383,19,1022,1,1,1,9,6
2023-05-18 16:46:21.387,20,1036,0,0,0,16,0
2023-05-18 16:46:21.390,86,1050,0,1,1,17,4
2023-05-18 16:46:21.393,2,992,0,1,1,24,4
2023-05-18 16:46:21.396,93,983,0,1,1,7,4
2023-05-18 16:46:21.399,60,1019,0,1,0,18,3
2023-05-18 16:46:21.402,18,1073,0,1,1,27,4
2023-05-18 16:46:21.406,88,1021,1,1,1,31,6
2023-05-18 16:46:21.408,78,1066,1,1,1,28,6
2023-05-18 16:46:21.411,50,1038,0,0,0,23,1
2023-05-18 16:46:21.413,53,1099,0,1,0,26,3
2023-05-18 16:46:21.415,13,1048,0,0,0,21,0
2023-05-18 16:46:21.417,95,981,0,0,1,8,4
2023-05-18 16:46:21.419,60,1058,0,0,1,27,4
2023-05-18 16:46:21.420,61,1006,0,1,0,14,3
2023-05-18 16:46:21.422,36,1000,0,0,1,24,4
2023-05-18 16:46:21.423,5,1078,1,0,0,22,6
2023-05-18 16:46:21.425,87,1026,1,0,1,24,6
2023-05-18 16:46:21.426,47,1011,0,1,1,0,4
2023-05-18 16:46:21.428,42,1010,1,0,0,26,6
2023-05-18 16:46:21.429,46,1077,0,1,1,32,5
2023-05-18 16:46:21.431,28,1073,1,0,0,30,6
2023-05-18 16:46:21.432,58,1067,0,1,0,18,3
2023-05-18 16:46:21.433,58,1089,0,1,0,31,3
2023-05-18 16:46:21.435,22,1020,1,0,0,4,6
2023-05-18 16:46:21.436,41,989,0,0,0,9,1
2023-05-18 16:46:21.438,83,1018,1,0,0,12,6
2023-05-18 16:46:21.439,35,1010,1,1,0,12,6
2023-05-18 16:46:21.441,78,995,0,1,1,19,4
2023-05-18 16:46:21.442,3,1082,0,1,1,6,4
2023-05-18 16:46:21.444,60,1062,1,0,0,2,6
2023-05-18 16:46:21.445,7,1040,1,1,0,7,6
2023-05-18 16:46:21.447,82,1058,1,1,0,32,6
2023-05-18 16:46:21.448,59,1078,1,1,0,8,6
2023-05-18 16:46:21.450,15,1045,0,1,0,28,3
2023-05-18 16:46:21.451,4,1097,1,1,1,21,6
2023-05-18 16:46:21.453,19,1054,1,1,1,13,6
2023-05-18 16:46:21.454,6,1091,0,0,0,18,0
2023-05-18 16:46:21.456,18,1041,1,1,0,18,6
2023-05-18 16:46:21.457,98,1019,0,0,1,15,4
2023-05-18 16:46:21.459,69,1085,1,1,0,25,6
2023-05-18 16:46:21.460,28,991,0,1,0,15,3
2023-05-18 16:46:21.462,0,1053,1,0,0,14,6
2023-05-18 16:46:21.463,83,1069,0,1,1,23,4
2023-05-18 16:46:21.465,20,1005,0,0,0,31,0
2023-05-18 16:46:21.466,68,1078,1,0,0,24,6
2023-05-18 16:46:21.468,56,1065,0,0,1,28,4
2023-05-18 16:46:21.470,34,1080,1,1,1,18,6
2023-05-18 16:46:21.471,47,1022,1,1,1,21,6
2023-05-18 16:46:21.473,80,1045,0,1,1,30,4
2023-05-18 16:46:21.474,80,1007,1,0,0,5,6
2023-05-18 16:46:21.476,26,1026,1,0,0,26,6
2023-05-18 16:46:21.477,31,1039,1,1,1,27,6
2023-05-18 16:46:21.479,54,1026,1,0,1,11,6
2023-05-18 16:46:21.480,3,1069,0,1,0,27,3
2023-05-18 16:46:21.482,24,1013,0,0,0,1,0
2023-05-18 16:46:21.483,2,1016,1,0,1,31,6
2023-05-18 16:46:21.485,59,1024,0,0,1,3,4
2023-05-18 16:46:21.487,49,1025,1,0,1,11,6
2023-05-18 16:46:21.489,37,1071,1,1,0,27,6
2023-05-18 16:46:21.492,7,1071,1,0,1,14,6
2023-05-18 16:46:21.494,18,1023,1,0,0,21,6
2023-05-18 16:46:21.496,10,990,0,0,1,30,4
2023-05-18 16:46:21.498,46,1097,0,0,0,31,0
2023-05-18 16:46:21.500,96,1058,0,1,1,5,4
2023-05-18 16:46:21.502,31,1009,1,0,1,30,6
2023-05-18 16:46:21.504,47,988,1,1,1,29,6
2023-05-18 16:46:21.506,82,1089,0,1,0,7,3
2023-05-18 16:46:21.508,0,1017,0,1,0,16,3
2023-05-18 16:46:21.510,87,1065,1,0,0,4,6
2023-05-18 16:46:21.512,82,1094,0,0,1,27,4
2023-05-18 16:46:21.514,29,1089,1,1,0,0,6
2023-05-18 16:46:21.516,46,1005,1,0,0,2,6
2023-05-18 16:46:21.518,53,1097,0,1,1,31,5
2023-05-18 16:46:21.520,73,1014,1,1,1,20,6
2023-05-18 16:46:21.523,50,1029,1,1,0,8,6
2023-05-18 16:46:21.525,95,1038,1,0,1,34,6
2023-05-18 16:46:21.527,3,1017,0,0,0,13,0
2023-05-18 16:46:21.530,96,1057,0,1,0,25,3
2023-05-18 16:46:21.532,73,988,1,0,0,31,6
2023-05-18 16:46:21.534,45,1024,1,1,1,21,6
2023-05-18 16:46:21.536,12,1009,0,0,0,22,0
2023-05-18 16:46:21.538,48,988,1,1,0,18,6
2023-05-18 16:46:21.539,4,991,0,1,0,23,3
2023-05-18 16:46:21.541,69,984,1,1,1,29,6
2023-05-18 16:46:21.544,38,1067,1,1,0,28,6
2023-05-18 16:46:21.546,70,1059,1,0,1,15,6
2023-05-18 16:46:21.548,55,984,1,0,1,1,6
2023-05-18 16:46:21.551,46,1086,0,1,0,2,3
2023-05-18 16:46:21.553,21,1008,0,1,0,7,3
2023-05-18 16:46:21.555,53,1027,0,1,1,34,5
2023-05-18 16:46:21.557,89,1015,1,1,1,34,6
2023-05-18 16:46:21.559,78,990,1,0,0,16,6
2023-05-18 16:46:21.561,54,1039,1,0,0,13,6
2023-05-18 16:46:21.563,78,1018,0,1,0,13,3
2023-05-18 16:46:21.565,88,1066,1,0,1,19,6
2023-05-18 16:46:21.568,18,1036,0,0,1,23,4
2023-05-18 16:46:21.570,70,1092,1,0,1,6,6
2023-05-18 16:46:21.572,67,1027,1,0,1,1,6
2023-05-18 16:46:21.574,23,1062,0,1,0,21,3
2023-05-18 16:46:21.577,78,988,1,1,1,7,6
2023-05-18 16:46:21.579,93,1021,1,1,1,5,6
2023-05-18 16:46:21.581,85,1044,0,0,0,26,1
2023-05-18 16:46:21.583,59,1061,1,1,1,32,6
2023-05-18 16:46:21.585,33,998,0,1,1,0,4
2023-05-18 16:46:21.586,44,1036,0,1,1,4,4
2023-05-18 16:46:21.588,62,1073,0,0,0,32,1
2023-05-18 16:46:21.589,32,1079,0,0,1,10,4
2023-05-18 16:46:21.591,32,1040,0,1,1,23,4
2023-05-18 16:46:21.594,79,1067,1,0,0,13,6
2023-05-18 16:46:21.596,78,1074,0,0,1,6,4
2023-05-18 16:46:21.598,80,996,1,0,0,33,6
2023-05-18 16:46:21.600,54,1009,1,1,0,20,6
2023-05-18 16:46:21.602,66,989,1,0,0,9,6
2023-05-18 16:46:21.604,13,1046,0,0,1,11,4
2023-05-18 16:46:21.606,10,1000,0,1,1,8,4
2023-05-18 16:46:21.609,68,1016,0,1,0,13,3
2023-05-18 16:46:21.611,58,1032,0,0,0,13,1
2023-05-18 16:46:21.613,53,1009,1,1,1,25,6
2023-05-18 16:46:21.615,0,987,1,0,0,14,6
2023-05-18 16:46:21.618,99,1090,0,1,0,8,3
2023-05-18 16:46:21.620,39,999,0,1,1,3,4
2023-05-18 16:46:21.622,32,1040,0,0,0,28,0
2023-05-18 16:46:21.624,9,1063,1,0,0,12,6
2023-05-18 16:46:21.626,84,986,1,1,1,4,6
2023-05-18 16:46:21.629,34,984,0,1,1,14,4
2023-05-18 16:46:21.631,4,1092,1,0,0,13,6
2023-05-18 16:46:21.633,92,991,1,1,0,1,6
2023-05-18 16:46:21.635,57,1042,0,0,1,2,4
2023-05-18 16:46:21.637,33,1075,0,1,0,20,3
2023-05-18 16:46:21.639,78,1011,1,0,0,31,6
2023-05-18 16:46:21.641,25,1019,1,0,0,34,6
2023-05-18 16:46:21.643,55,1063,0,0,1,25,4
2023-05-18 16:46:21.645,9,1062,0,1,0,0,3
2023-05-18 16:46:21.647,45,1057,1,1,0,33,6
2023-05-18 16:46:21.649,82,1042,0,1,0,13,3
2023-05-18 16:46:21.652,80,1019,1,1,0,31,6
2023-05-18 16:46:21.654,63,1076,1,0,0,32,6
2023-05-18 16:46:21.656,3,1048,1,1,1,20,6
2023-05-18 16:46:21.658,23,1070,1,0,1,8,6
2023-05-18 16:46:21.660,30,1002,0,0,0,31,0
2023-05-18 16:46:21.663,94,995,1,1,1,16,6
2023-05-18 16:46:21.665,7,1043,1,1,0,17,6
2023-05-18 16:46:21.667,66,1083,0,1,0,3,3
2023-05-18 16:46:21.669,0,1088,1,0,0,18,6
2023-05-18 16:46:21.672,2,1081,1,0,1,14,6
2023-05-18 16:46:21.673,51,985,1,1,1,10,6
2023-05-18 16:46:21.675,15,1041,1,0,0,4,6
2023-05-18 16:46:21.676,93,1060,0,1,0,5,3
2023-05-18 16:46:21.678,42,1006,0,0,0,5,1
2023-05-18 16:46:21.679,93,1052,1,0,1,3,6
2023-05-18 16:46:21.681,10,983,0,1,0,21,3
2023-05-18 16:46:21.683,82,1043,0,1,0,31,3
2023-05-18 16:46:21.686,79,997,1,1,1,28,6
2023-05-18 16:46:21.688,65,1075,1,0,0,14,6
2023-05-18 16:46:21.690,3,1093,0,0,1,10,4
2023-05-18 16:46:21.692,35,1071,0,0,1,3,4
2023-05-18 16:46:21.695,78,1029,0,1,0,23,3
2023-05-18 16:46:21.697,85,1083,1,1,0,15,6
2023-05-18 16:46:21.699,15,1071,0,0,0,32,0
2023-05-18 16:46:21.701,33,1027,0,1,0,10,3
2023-05-18 16:46:21.703,31,1067,0,0,0,23,0
2023-05-18 16:46:21.706,79,1092,1,0,1,20,6
2023-05-18 16:46:21.708,53,1045,0,0,1,19,4
2023-05-18 16:46:21.710,1,1027,0,0,0,30,0
2023-05-18 16:46:21.712,42,1087,0,1,0,1,3
2023-05-18 16:46:21.715,93,990,1,0,1,10,6
2023-05-18 16:46:21.717,78,984,0,1,1,16,4
2023-05-18 16:46:21.719,26,1064,1,0,0,5,6
2023-05-18 16:46:21.721,68,1091,0,1,0,5,3
2023-05-18 16:46:21.723,39,1089,0,1,1,15,4
2023-05-18 16:46:21.725,45,1052,0,0,0,31,1
2023-05-18 16:46:21.727,3,1098,0,1,1,4,4
2023-05-18 16:46:21.729,38,1019,1,0,0,3,6
2023-05-18 16:46:21.731,14,1058,0,1,1,12,4
2023-05-18 16:46:21.733,34,997,1,0,1,3,6
2023-05-18 16:46:21.736,55,982,0,0,1,1,4
2023-05-18 16:46:21.738,77,1059,1,0,1,30,6
2023-05-18 16:46:21.740,14,1024,0,1,1,3,4
2023-05-18 16:46:21.743,26,1077,0,1,0,27,3
2023-05-18 16:46:21.745,76,1002,0,1,1,17,4
2023-05-18 16:46:21.746,51,1079,1,1,0,33,6
2023-05-18 16:46:21.749,40,1091,1,0,0,17,6
2023-05-18 16:46:21.751,84,1096,1,0,1,13,6
2023-05-18 16:46:21.753,5,1003,1,0,0,1,6
2023-05-18 16:46:21.755,71,1045,0,1,0,3,3
2023-05-18 16:46:21.757,23,1027,1,1,0,19,6
2023-05-18 16:46:21.759,6,1034,0,1,1,28,4
2023-05-18 16:46:21.761,36,1040,0,0,1,19,4
2023-05-18 16:46:21.764,11,1086,0,1,1,0,4
2023-05-18 16:46:21.766,18,1042,1,1,1,30,6
2023-05-18 16:46:21.768,71,1081,0,0,0,34,0
2023-05-18 16:46:21.770,42,1022,0,1,0,27,3
2023-05-18 16:46:21.771,17,994,0,1,0,19,3
2023-05-18 16:46:21.773,11,1093,1,0,1,15,6
2023-05-18 16:46:21.774,11,1026,0,1,0,29,3
2023-05-18 16:46:21.775,58,1032,1,1,1,8,6
2023-05-18 16:46:21.777,64,1027,0,1,1,14,4
2023-05-18 16:46:21.778,90,1034,0,0,1,9,4
2023-05-18 16:46:21.780,97,1050,1,1,1,28,6
2023-05-18 16:46:21.781,20,989,1,1,1,27,6
2023-05-18 16:46:21.783,69,1088,1,0,1,1,6
2023-05-18 16:46:21.784,78,1013,0,0,0,9,1
2023-05-18 16:46:21.786,48,1083,1,0,1,10,6
2023-05-18 16:46:21.787,68,985,1,0,1,29,6
2023-05-18 16:46:21.789,37,1078,1,1,0,33,6
2023-05-18 16:46:21.790,82,1030,0,0,1,33,5
2023-05-18 16:46:21.792,4,993,1,0,0,1,6
2023-05-18 16:46:21.793,77,1001,1,1,0,14,6
2023-05-18 16:46:21.795,11,1079,0,1,1,17,4
2023-05-18 16:46:21.796,28,1001,1,0,0,0,6
2023-05-18 16:46:21.798,58,1065,1,0,0,21,6
2023-05-18 16:46:21.800,95,1010,1,0,1,2,6
2023-05-18 16:46:21.802,8,1040,1,0,1,27,6
2023-05-18 16:46:21.804,5,991,0,1,1,34,5
2023-05-18 16:46:21.807,76,1095,0,1,0,0,3
2023-05-18 16:46:21.809,99,1019,1,0,0,2,6
2023-05-18 16:46:21.811,40,1086,1,1,1,16,6
2023-05-18 16:46:21.813,22,1084,1,0,0,9,6
2023-05-18 16:46:21.816,90,1069,1,1,0,8,6
2023-05-18 16:46:21.818,93,1063,1,1,0,11,6
2023-05-18 16:46:21.820,86,1023,1,1,0,7,6
2023-05-18 16:46:21.823,74,1028,1,1,0,30,6
2023-05-18 16:46:21.825,76,1083,1,0,1,6,6
2023-05-18 16:46:21.827,18,1093,0,1,0,13,3
2023-05-18 16:46:21.829,76,1099,1,1,0,14,6
2023-05-18 16:46:21.831,34,1010,1,1,1,27,6
2023-05-18 16:46:21.834,0,1084,1,1,0,22,6
2023-05-18 16:46:21.836,41,1042,0,0,0,0,1
2023-05-18 16:46:21.838,73,1004,1,1,1,25,6
2023-05-18 16:46:21.841,66,1027,1,1,0,5,6
2023-05-18 16:46:21.843,67,1092,1,0,0,4,6
2023-05-18 16:46:21.845,92,996,1,0,0,6,6
2023-05-18 16:46:21.847,15,1069,1,1,0,18,6
2023-05-18 16:46:21.849,56,1033,1,1,0,13,6
2023-05-18 16:46:21.852,20,986,0,0,1,31,5
2023-05-18 16:46:21.853,53,1001,1,1,0,6,6
2023-05-18 16:46:21.856,4,1022,0,1,0,9,3
2023-05-18 16:46:21.858,92,1089,0,1,0,4,3
2023-05-18 16:46:21.860,13,1094,0,0,0,9,0
2023-05-18 16:46:21.863,25,1066,0,1,0,33,3
2023-05-18 16:46:21.865,18,1097,1,0,0,3,6
2023-05-18 16:46:21.867,99,1089,1,1,1,13,6
2023-05-18 16:46:21.870,45,1090,0,1,1,7,4
2023-05-18 16:46:21.872,55,1050,0,0,1,12,4
2023-05-18 16:46:21.875,77,1004,0,0,0,12,1
2023-05-18 16:46:21.877,6,1063,0,0,0,4,0
2023-05-18 16:46:21.878,69,980,0,1,1,28,4
2023-05-18 16:46:21.880,23,1088,1,1,1,5,6
2023-05-18 16:46:21.883,76,1065,0,0,1,16,4
2023-05-18 16:46:21.885,68,1012,1,0,1,3,6
2023-05-18 16:46:21.887,51,1095,0,1,1,13,4
2023-05-18 16:46:21.889,13,1008,1,1,0,2,6
2023-05-18 16:46:21.892,94,1011,1,0,0,27,6
2023-05-18 16:46:21.895,44,1051,0,0,1,8,4
2023-05-18 16:46:21.897,22,1027,0,0,0,20,0
2023-05-18 16:46:21.900,96,984,0,1,1,15,4
2023-05-18 16:46:21.902,42,999,1,0,1,12,6
2023-05-18 16:46:21.905,38,1013,1,1,0,33,6
2023-05-18 16:46:21.907,66,1038,1,1,0,29,6
2023-05-18 16:46:21.909,17,1015,0,0,0,26,0
2023-05-18 16:46:21.911,84,1057,1,0,0,26,6
2023-05-18 16:46:21.914,43,1010,1,1,1,4,6
2023-05-18 16:46:21.916,46,1077,0,0,0,34,1
2023-05-18 16:46:21.918,61,1094,0,0,1,24,4
2023-05-18 16:46:21.921,16,980,0,0,1,21,4
2023-05-18 16:46:21.923,62,981,0,0,0,11,1
2023-05-18 16:46:21.926,34,1045,0,1,0,22,3
2023-05-18 16:46:21.928,22,1010,0,0,0,13,0
2023-05-18 16:46:21.930,37,1019,0,0,0,20,0
2023-05-18 16:46:21.932,2,1017,1,1,1,11,6
2023-05-18 16:46:21.935,60,1027,1,0,0,9,6
2023-05-18 16:46:21.937,4,1084,1,0,0,9,6
2023-05-18 16:46:21.939,3,1005,1,1,0,22,6
2023-05-18 16:46:21.941,76,1078,1,0,1,5,6
2023-05-18 16:46:21.943,27,1049,0,1,1,33,5
2023-05-18 16:46:21.946,20,1028,0,0,1,6,4
2023-05-18 16:46:21.948,38,980,1,0,1,6,6
2023-05-18 16:46:21.950,49,1035,1,1,0,14,6
2023-05-18 16:46:21.952,62,995,1,1,1,11,6
2023-05-18 16:46:21.954,64,1011,0,1,0,15,3
2023-05-18 16:46:21.956,2,1037,1,1,1,20,6
2023-05-18 16:46:21.959,66,1048,0,0,0,0,1
2023-05-18 16:46:21.961,87,1008,1,1,1,11,6
2023-05-18 16:46:21.963,68,1040,1,1,1,9,6
2023-05-18 16:46:21.965,32,1027,0,0,0,34,0
2023-05-18 16:46:21.967,88,1026,0,0,1,22,4
2023-05-18 16:46:21.970,1,1004,0,0,0,2,0
2023-05-18 16:46:21.972,10,1024,0,1,0,4,3
2023-05-18 16:46:21.974,42,1003,0,1,1,10,4
2023-05-18 16:46:21.977,59,1096,1,1,0,26,6
2023-05-18 16:46:21.979,33,1036,1,0,0,3,6
2023-05-18 16:46:21.981,97,1083,0,1,1,14,4
2023-05-18 16:46:21.983,60,985,0,0,1,33,5
2023-05-18 16:46:21.986,92,1069,1,0,0,19,6
2023-05-18 16:46:21.988,92,1035,1,1,0,19,6
2023-05-18 16:46:21.991,91,1074,1,0,0,26,6
2023-05-18 16:46:21.993,26,1060,1,0,0,24,6
2023-05-18 16:46:21.996,16,1005,0,0,0,5,0
2023-05-18 16:46:21.998,46,1034,0,1,0,26,3
2023-05-18 16:46:22.000,3,1082,1,0,1,5,6
2023-05-18 16:46:22.002,54,1009,0,1,1,21,4
2023-05-18 16:46:22.004,52,1053,0,0,1,19,4
2023-05-18 16:46:22.006,11,1010,1,0,1,26,6
2023-05-18 16:46:22.009,92,1048,1,1,1,8,6
2023-05-18 16:46:22.011,73,1023,0,0,0,7,1
2023-05-18 16:46:22.012,20,1044,1,0,0,9,6
2023-05-18 16:46:22.014,87,986,1,1,1,13,6
2023-05-18 16:46:22.015,41,1089,1,0,1,29,6
2023-05-18 16:46:22.017,3,993,0,0,0,19,0
2023-05-18 16:46:22.018,61,1017,1,0,1,34,6
2023-05-18 16:46:22.020,54,1053,1,0,0,34,6
2023-05-18 16:46:22.022,30,1004,1,0,1,8,6
2023-05-18 16:46:22.024,37,1082,0,0,0,34,0
2023-05-18 16:46:22.025,4,1068,1,1,1,13,6
2023-05-18 16:46:22.027,26,1089,1,1,1,28,6
2023-05-18 16:46:22.029,27,1025,1,0,1,31,6
2023-05-18 16:46:22.031,5,1013,0,0,0,14,0
2023-05-18 16:46:22.033,55,1050,1,0,1,4,6
2023-05-18 16:46:22.036,38,1064,1,1,1,20,6
2023-05-18 16:46:22.038,3,1029,0,1,0,15,3
2023-05-18 16:46:22.041,29,1080,1,0,1,15,6
2023-05-18 16:46:22.043,5,1094,1,1,0,18,6
2023-05-18 16:46:22.045,52,1003,0,0,1,33,5
2023-05-18 16:46:22.048,94,1006,1,0,0,34,6
2023-05-18 16:46:22.050,91,1070,1,1,1,6,6
2023-05-18 16:46:22.053,54,981,1,1,1,32,6
2023-05-18 16:46:22.055,9,1070,1,0,0,19,6
2023-05-18 16:46:22.058,88,984,1,0,1,10,6
2023-05-18 16:46:22.060,90,1037,1,0,0,24,6
2023-05-18 16:46:22.063,63,1022,1,0,0,17,6
2023-05-18 16:46:22.065,67,1040,1,0,0,4,6
2023-05-18 16:46:22.068,25,1006,1,1,0,18,6
2023-05-18 16:46:22.070,39,1077,1,1,0,22,6
2023-05-18 16:46:22.072,59,1016,1,1,0,20,6
2023-05-18 16:46:22.075,10,1079,1,0,1,32,6
2023-05-18 16:46:22.077,89,1061,1,0,0,7,6
2023-05-18 16:46:22.078,26,1027,0,0,1,30,4
2023-05-18 16:46:22.081,71,1086,0,1,1,11,4
2023-05-18 16:46:22.083,34,995,0,1,0,20,3
2023-05-18 16:46:22.086,63,1044,1,1,0,31,6
2023-05-18 16:46:22.088,31,1056,1,1,0,1,6
2023-05-18 16:46:22.091,15,1048,1,0,1,22,6
2023-05-18 16:46:22.093,67,1012,1,0,1,15,6
2023-05-18 16:46:22.095,69,1021,0,0,0,26,1
2023-05-18 16:46:22.098,32,1036,0,0,0,4,0
2023-05-18 16:46:22.100,90,1018,0,0,1,30,4
2023-05-18 16:46:22.102,61,1032,1,1,0,4,6
2023-05-18 16:46:22.104,14,1047,1,0,1,25,6
2023-05-18 16:46:22.107,18,1020,0,0,0,26,0
2023-05-18 16:46:22.109,86,989,1,1,0,27,6
2023-05-18 16:46:22.111,70,1016,1,1,1,18,6
2023-05-18 16:46:22.114,13,1011,0,1,0,23,3
2023-05-18 16:46:22.116,62,1050,0,0,1,13,4
2023-05-18 16:46:22.119,32,1012,0,0,1,16,4
2023-05-18 16:46:22.121,25,988,1,1,1,18,6
2023-05-18 16:46:22.124,41,1006,0,1,0,6,3
2023-05-18 16:46:22.127,66,995,1,1,1,19,6
2023-05-18 16:46:22.129,8,1059,0,0,1,26,4
2023-05-18 16:46:22.130,65,1060,1,1,0,16,6
2023-05-18 16:46:22.132,56,1027,0,1,0,23,3
2023-05-18 16:46:22.133,91,1017,0,1,1,2,4
2023-05-18 16:46:22.135,50,1099,0,0,0,2,0
2023-05-18 16:46:22.137,63,1095,0,1,1,23,4
2023-05-18 16:46:22.139,23,1081,1,0,1,20,6
2023-05-18 16:46:22.142,83,1060,0,0,0,21,1
2023-05-18 16:46:22.144,63,1025,1,1,0,7,6
2023-05-18 16:46:22.146,97,1073,0,1,1,8,4
2023-05-18 16:46:22.149,18,1028,0,1,0,13,3
2023-05-18 16:46:22.151,72,1052,0,1,0,33,3
2023-05-18 16:46:22.154,0,1060,0,0,0,9,0
2023-05-18 16:46:22.156,74,1023,0,1,1,6,4
2023-05-18 16:46:22.158,45,1072,0,0,1,10,4
2023-05-18 16:46:22.161,75,1084,0,1,1,13,4
2023-05-18 16:46:22.163,85,1019,1,1,0,5,6
2023-05-18 16:46:22.166,60,1042,0,0,1,18,4
2023-05-18 16:46:22.168,51,1090,0,0,1,24,4
2023-05-18 16:46:22.171,52,1075,1,1,1,27,6
2023-05-18 16:46:22.173,47,1066,1,0,0,24,6
2023-05-18 16:46:22.175,9,1004,1,1,0,17,6
2023-05-18 16:46:22.178,61,1083,1,1,0,28,6
2023-05-18 16:46:22.180,87,997,1,0,0,8,6
2023-05-18 16:46:22.183,70,1064,1,1,1,15,6
2023-05-18 16:46:22.185,55,1032,1,1,0,12,6
2023-05-18 16:46:22.188,37,1022,0,1,1,26,4
2023-05-18 16:46:22.190,97,1066,1,1,0,7,6
2023-05-18 16:46:22.193,56,1046,1,0,1,17,6
2023-05-18 16:46:22.195,80,1060,0,0,0,29,1
2023-05-18 16:46:22.198,43,1043,1,0,1,30,6
2023-05-18 16:46:22.200,47,986,0,1,0,18,3
2023-05-18 16:46:22.202,87,1098,0,1,0,24,3
2023-05-18 16:46:22.204,74,1005,0,0,0,18,1
2023-05-18 16:46:22.207,55,1000,0,0,1,3,4
2023-05-18 16:46:22.209,85,983,1,0,1,11,6
2023-05-18 16:46:22.212,89,1018,0,0,1,0,4
2023-05-18 16:46:22.214,11,1010,0,1,0,9,3
2023-05-18 16:46:22.217,5,1022,0,1,1,0,4
2023-05-18 16:46:22.219,26,1007,0,1,0,29,3
2023-05-18 16:46:22.221,42,989,1,0,1,10,6
2023-05-18 16:46:22.224,76,1064,1,0,1,4,6
2023-05-18 16:46:22.226,77,1083,0,0,0,24,0
2023-05-18 16:46:22.229,24,983,1,0,0,23,6
2023-05-18 16:46:22.231,10,1028,1,0,1,6,6
2023-05-18 16:46:22.233,3,982,1,0,0,29,6
2023-05-18 16:46:22.235,36,996,1,1,0,3,6
2023-05-18 16:46:22.237,98,1006,0,0,0,20,1
2023-05-18 16:46:22.239,57,1017,0,0,0,15,1
2023-05-18 16:46:22.241,33,1022,1,1,0,28,6
2023-05-18 16:46:22.244,38,1048,0,1,1,25,4
2023-05-18 16:46:22.246,34,1080,1,1,0,0,6
2023-05-18 16:46:22.248,43,1007,1,0,0,17,6
2023-05-18 16:46:22.250,71,1045,0,1,0,21,3
2023-05-18 16:46:22.252,63,1052,0,1,0,18,3
2023-05-18 16:46:22.254,48,1093,1,1,0,32,6
2023-05-18 16:46:22.256,18,1055,0,1,0,25,3
2023-05-18 16:46:22.258,73,1068,1,0,0,27,6
2023-05-18 16:46:22.260,32,1034,0,1,1,7,4
2023-05-18 16:46:22.263,51,1077,1,1,1,7,6
2023-05-18 16:46:22.265,13,1054,1,1,1,29,6
2023-05-18 16:46:22.267,72,997,1,1,1,21,6
2023-05-18 16:46:22.270,25,1079,1,0,0,21,6
2023-05-18 16:46:22.272,79,1040,1,0,1,33,6
2023-05-18 16:46:22.275,44,1068,0,0,0,14,1
2023-05-18 16:46:22.277,4,1036,1,0,0,18,6
2023-05-18 16:46:22.280,88,1007,0,1,0,10,3
2023-05-18 16:46:22.282,11,1060,1,1,0,25,6
2023-05-18 16:46:22.285,60,1051,1,1,0,4,6
2023-05-18 16:46:22.287,65,1016,1,1,1,5,6
2023-05-18 16:46:22.289,42,1003,0,0,0,18,1
2023-05-18 16:46:22.292,88,1002,0,0,0,29,1
2023-05-18 16:46:22.294,73,1030,1,1,1,12,6
2023-05-18 16:46:22.297,77,995,1,1,1,26,6
2023-05-18 16:46:22.299,79,1068,0,1,1,23,4
2023-05-18 16:46:22.302,7,1034,1,1,0,18,6
2023-05-18 16:46:22.304,49,1075,0,1,1,5,4
2023-05-18 16:46:22.307,9,993,0,1,0,16,3
2023-05-18 16:46:22.310,81,1082,1,0,0,31,6
2023-05-18 16:46:22.312,83,984,0,1,1,11,4
2023-05-18 16:46:22.315,98,1022,0,1,1,30,4
2023-05-18 16:46:22.317,50,980,0,1,1,25,4
