timestamp,entrance_amount,exit_amount,temperature,humidity,parking_entrance,parking_exit,parking_actual_vehicle
2023-04-22 21:20:28.501955,28,9,23.951617205393404,34.630611264042486,4,3,284
2023-04-22 21:20:28.501955,27,8,14.35327003577219,60.493972402059924,3,3,224
2023-04-22 21:20:28.501955,49,25,27.43031034786693,44.04023674928667,1,4,492
2023-04-22 21:20:28.501955,13,30,19.735527200274998,44.009649298501266,2,2,15
2023-04-22 21:20:28.501955,12,49,14.426519632096426,70.85979485858988,4,4,476
2023-04-22 21:20:28.501955,29,30,15.55930975206645,48.99195918139483,2,3,463
2023-04-22 21:20:28.501955,5,39,17.860686815786323,45.726341891484594,4,1,487
2023-04-22 21:20:28.501955,28,48,26.99434885919601,55.080551333975635,2,1,176
2023-04-22 21:20:28.501955,30,25,29.70567989756927,54.487160334528284,1,2,416
2023-04-22 21:20:28.501955,13,25,17.20458062743561,58.17415704780427,4,3,365
2023-04-22 21:20:28.501955,25,23,17.68533152639289,58.590149576595145,2,2,59
2023-04-22 21:20:28.501955,29,36,17.68437164779962,54.72917932114802,3,3,291
2023-04-22 21:20:28.501955,29,28,19.428642127508382,45.876104004232246,3,4,215
2023-04-22 21:20:28.501955,27,38,16.298942432628998,59.73292849787761,2,3,210
2023-04-22 21:20:28.501955,12,34,17.94127121140209,47.780183067524554,4,3,195
2023-04-22 21:20:28.501955,37,1,20.484530868330403,45.3443729821949,3,2,156
2023-04-22 21:20:28.501955,30,16,17.572413034419746,53.92524789536784,3,3,45
2023-04-22 21:20:28.501955,35,23,25.29117994336335,43.39537533273997,1,3,186
2023-04-22 21:20:28.501955,29,1,23.142146128419903,40.648295717593555,4,2,327
2023-04-22 21:20:28.501955,48,48,24.683062856546464,46.484185283047836,2,2,54
2023-04-22 21:20:28.501955,14,4,24.45675897372226,62.727931003883384,4,4,430
2023-04-22 21:20:28.501955,11,23,15.857731371235626,56.5812531491941,4,4,390
2023-04-22 21:20:28.501955,24,45,26.80156829101091,47.8362751056111,1,3,264
2023-04-22 21:20:28.501955,2,38,15.946476272041958,34.98156129467654,4,4,255
2023-04-22 21:20:28.501955,7,42,18.885510614471446,55.46245207523679,3,1,66
2023-04-22 21:20:28.501955,0,23,28.848980153445375,42.331000529549314,3,2,370
2023-04-22 21:20:28.501955,49,21,23.33748292676351,49.25096305025222,1,2,127
2023-04-22 21:20:28.501955,47,42,25.731552261925437,33.35679179346143,2,3,102
2023-04-22 21:20:28.501955,36,49,12.864663653816638,48.27864637679786,3,4,225
2023-04-22 21:20:28.501955,26,16,22.41343395146065,50.3746195357822,1,2,263
2023-04-22 21:20:28.501955,3,1,14.94459810059535,39.76955234843615,2,1,193
2023-04-22 21:20:28.501955,46,21,23.11457303121462,60.93907532871516,1,3,248
2023-04-22 21:20:28.501955,5,8,22.24613887559578,49.01534265818509,4,2,54
2023-04-22 21:20:28.501955,43,37,17.093439949738585,65.10307643562142,1,3,53
2023-04-22 21:20:28.501955,32,17,21.928558452162342,37.27521638994066,4,3,55
2023-04-22 21:20:28.501955,20,32,29.229206205125475,58.2033979087027,3,3,316
2023-04-22 21:20:28.501955,32,41,16.630511059476117,45.69660722771542,4,4,351
2023-04-22 21:20:28.501955,37,46,16.13492261410182,45.57250660631297,1,2,108
2023-04-22 21:20:28.501955,1,13,22.65813287371811,58.62842319354483,4,4,234
2023-04-22 21:20:28.501955,10,10,33.55616684508738,64.07440337750148,2,3,327
2023-04-22 21:20:28.501955,20,39,22.924867980653996,42.950139938254424,4,2,467
2023-04-22 21:20:28.501955,40,1,18.96822134795558,58.522107159971526,1,2,470
2023-04-22 21:20:28.501955,36,28,19.41989945892401,35.83323280443734,2,4,375
2023-04-22 21:20:28.501955,37,28,18.13934479762144,61.33637143100566,4,1,15
2023-04-22 21:20:28.501955,22,11,28.8639288295863,43.835584740709464,2,3,243
2023-04-22 21:20:28.501955,4,22,13.75361246570364,40.36027604604112,3,4,395
2023-04-22 21:20:28.501955,11,10,12.555469728278165,54.01681699886264,4,1,115
2023-04-22 21:20:28.501955,35,34,18.714469064948386,55.55724983298336,2,2,264
2023-04-22 21:20:28.501955,36,0,16.09243635531512,57.91966388296417,1,1,137
2023-04-22 21:20:28.501955,36,12,18.367029858939937,40.35317711586262,4,1,267
2023-04-22 21:20:28.501955,35,33,9.095267312466227,56.61595464407813,1,2,254
2023-04-22 21:20:28.501955,43,39,17.9507862924036,54.058428950352244,2,1,390
2023-04-22 21:20:28.501955,33,27,2.162972724584236,53.76240413499522,1,3,455
2023-04-22 21:20:28.501955,19,48,28.492204793587387,53.76609651215132,1,2,95
2023-04-22 21:20:28.501955,6,15,22.58736551684202,46.15726831633395,3,4,163
2023-04-22 21:20:28.501955,3,10,14.608851307415982,65.75004611160716,3,4,401
2023-04-22 21:20:28.501955,24,17,20.869654359300963,44.37461456934794,1,1,244
2023-04-22 21:20:28.501955,17,19,15.355990537004658,57.951002178761904,3,2,215
2023-04-22 21:20:28.501955,31,19,10.939775096314388,55.33801360253229,3,4,382
2023-04-22 21:20:28.501955,48,43,16.30590453105754,51.10382967229825,4,4,222
2023-04-22 21:20:28.501955,10,20,22.165513947640257,40.53665067077436,1,2,54
2023-04-22 21:20:28.501955,19,40,19.10690150873988,44.35852717484649,4,1,299
2023-04-22 21:20:28.501955,12,30,18.440566062489964,60.602741457680864,3,2,290
2023-04-22 21:20:28.501955,44,48,23.084891003256384,47.14940614689004,4,2,317
2023-04-22 21:20:28.501955,15,35,21.305353711178054,57.45082321540881,2,1,371
2023-04-22 21:20:28.501955,34,1,12.030251710694635,41.81267371969304,2,3,491
2023-04-22 21:20:28.501955,31,11,27.690057141088808,55.360484505415336,2,2,135
2023-04-22 21:20:28.501955,29,40,26.381120191123784,53.04255368003879,1,2,382
2023-04-22 21:20:28.501955,26,16,14.54202756366268,63.93176843284071,2,4,278
2023-04-22 21:20:28.501955,40,25,18.047621267690147,44.75704417371812,1,3,96
2023-04-22 21:20:28.501955,12,0,23.388480214143314,51.71553657611082,1,1,273
2023-04-22 21:20:28.501955,4,43,23.59109914971415,70.02588190683774,2,3,133
2023-04-22 21:20:28.501955,47,26,22.525451552285993,47.32743320038838,1,2,325
2023-04-22 21:20:28.501955,8,45,19.827759680009777,66.52307034411336,4,2,326
2023-04-22 21:20:28.501955,5,0,25.565156341405597,42.23083037792177,1,2,246
2023-04-22 21:20:28.501955,15,10,23.45853389403852,40.88717616971492,1,1,313
2023-04-22 21:20:28.501955,34,19,19.490035065543157,32.937155749738864,4,3,33
2023-04-22 21:20:28.501955,39,29,23.75049552652925,32.96780238484137,2,2,418
2023-04-22 21:20:28.501955,31,34,19.87309403727246,51.51367209380306,1,3,186
2023-04-22 21:20:28.501955,37,28,33.07128402031769,56.000430148704986,2,3,336
2023-04-22 21:20:28.501955,37,0,25.72273637409619,59.538078280715176,3,4,109
2023-04-22 21:20:28.501955,18,49,16.747683892207316,43.05779548997615,2,4,245
2023-04-22 21:20:28.501955,15,4,11.193249658974402,48.54766011917445,4,2,184
2023-04-22 21:20:28.501955,11,47,17.63846824335964,58.193885673616336,4,2,335
2023-04-22 21:20:28.501955,48,4,17.78836502364798,55.27246877543445,3,1,196
2023-04-22 21:20:28.501955,27,34,22.171188835407936,43.615264848529,3,2,376
2023-04-22 21:20:28.501955,26,4,20.042528999119202,58.20171796939034,3,4,317
2023-04-22 21:20:28.501955,3,4,17.7965134714113,57.821809772990726,1,1,413
2023-04-22 21:20:28.501955,40,40,17.15892620556996,61.836485083841254,1,4,167
2023-04-22 21:20:28.501955,25,15,21.70772983257858,42.943431898919386,1,3,418
2023-04-22 21:20:28.501955,49,26,21.17991047927433,58.37579068568328,4,2,69
2023-04-22 21:20:28.501955,49,2,18.449369527650717,63.05832045807719,3,2,455
2023-04-22 21:20:28.501955,20,39,20.447297629834814,61.055937558621,3,3,246
2023-04-22 21:20:28.501955,13,24,18.679696736652176,34.30450198780996,1,2,9
2023-04-22 21:20:28.501955,7,11,22.31052057943218,51.81746052661162,3,4,447
2023-04-22 21:20:28.501955,19,40,17.006473048488747,36.57530812336974,1,4,423
2023-04-22 21:20:28.501955,4,33,25.355311935617095,62.84249435262684,1,2,446
2023-04-22 21:20:28.501955,49,0,19.2737249443596,42.70920488183265,1,4,29
2023-04-22 21:20:28.501955,40,2,24.441289222384153,53.56229039452959,2,3,143
2023-04-22 21:20:28.501955,21,30,24.559642374010984,45.012886422018724,3,4,54
2023-04-22 21:20:28.501955,37,36,12.595895987945184,44.05099525581646,4,4,7
2023-04-22 21:20:28.501955,48,33,26.286040125745565,63.08315343322837,3,3,105
2023-04-22 21:20:28.501955,48,6,15.83885600170919,27.02086829821953,4,4,402
2023-04-22 21:20:28.501955,48,7,14.90968114478974,59.54042543766897,3,2,85
2023-04-22 21:20:28.501955,30,41,8.261803633530555,41.1261084735267,2,2,294
2023-04-22 21:20:28.501955,36,39,26.60031236514729,61.5657954474766,1,3,499
2023-04-22 21:20:28.501955,14,31,12.325639812154163,60.41757158126303,1,2,416
2023-04-22 21:20:28.501955,5,48,22.123067046744023,37.92074713525423,4,1,209
2023-04-22 21:20:28.501955,25,28,15.342985213929373,56.200024504826224,1,3,426
2023-04-22 21:20:28.501955,47,15,17.478515501613103,50.812663923978775,2,1,97
2023-04-22 21:20:28.501955,23,14,14.739605020878477,59.24280374772741,1,2,385
2023-04-22 21:20:28.501955,13,1,11.359789607083105,42.218590773587664,3,3,441
2023-04-22 21:20:28.501955,12,33,20.9146934142005,41.22630965801138,1,1,422
2023-04-22 21:20:28.501955,7,38,14.062730168638613,47.79673468670896,4,4,179
2023-04-22 21:20:28.501955,45,14,16.102554944335544,57.31991602656155,3,3,325
2023-04-22 21:20:28.501955,7,30,15.971868103590317,61.29020847750531,3,2,438
2023-04-22 21:20:28.501955,3,21,22.842382040408356,54.697910825949265,2,4,485
2023-04-22 21:20:28.501955,46,19,15.184663947929838,61.45038847660993,3,4,232
2023-04-22 21:20:28.501955,18,25,25.07910793011214,56.34943966788816,1,3,194
2023-04-22 21:20:28.501955,41,15,12.29086710364691,55.746383194091,1,3,51
2023-04-22 21:20:28.501955,44,12,21.543763180450636,29.47195251550106,4,4,95
2023-04-22 21:20:28.501955,14,1,14.414479597281744,34.1132490633327,3,2,271
2023-04-22 21:20:28.501955,16,0,17.26668500067043,48.429471020944526,3,2,153
2023-04-22 21:20:28.501955,39,4,17.434679490273368,45.21105974899331,4,1,117
2023-04-22 21:20:28.501955,41,26,21.477863444643788,50.75901106555169,2,3,268
2023-04-22 21:20:28.501955,0,32,22.825865814062496,36.309884280878535,3,4,363
2023-04-22 21:20:28.501955,3,47,17.883988726419247,36.90088150225627,2,4,257
2023-04-22 21:20:28.501955,9,33,14.652575567563435,37.413254266438415,4,4,69
2023-04-22 21:20:28.501955,4,46,20.68372773428228,35.285682217180465,2,2,284
2023-04-22 21:20:28.501955,10,18,13.29601309844287,50.947454421004,3,2,318
2023-04-22 21:20:28.501955,37,4,20.08644236108101,42.8520365196415,4,3,246
2023-04-22 21:20:28.501955,35,28,22.179246075518513,60.65014547846353,2,2,302
2023-04-22 21:20:28.501955,23,4,25.222358586347784,31.725021732451907,4,4,67
2023-04-22 21:20:28.501955,16,3,13.868615467973571,42.926296726972204,4,1,294
2023-04-22 21:20:28.501955,31,3,19.280811263620887,56.13370616962909,3,1,292
2023-04-22 21:20:28.501955,1,24,16.30461607758663,43.9143978325125,2,4,205
2023-04-22 21:20:28.501955,10,42,25.38397119567966,47.10874739643716,2,2,126
2023-04-22 21:20:28.501955,31,25,24.026517426230313,57.14291134452949,2,1,142
2023-04-22 21:20:28.501955,11,34,16.82479631737907,58.062987924324645,3,2,165
2023-04-22 21:20:28.501955,48,16,26.44147653080691,85.2791945403859,1,3,399
2023-04-22 21:20:28.501955,30,0,18.676621640234888,54.22150555090445,1,3,289
2023-04-22 21:20:28.501955,10,6,14.467450966185185,30.045949971025824,4,3,434
2023-04-22 21:20:28.501955,26,6,21.980673527795606,48.64977180194605,2,3,126
2023-04-22 21:20:28.501955,19,48,17.887486395011376,43.50890942917411,2,4,88
2023-04-22 21:20:28.501955,2,6,20.232482689182742,51.06377303278349,4,1,428
2023-04-22 21:20:28.501955,2,30,21.023524052256207,60.49825976591423,2,2,318
2023-04-22 21:20:28.501955,20,22,20.87420652054246,60.14006785040431,3,2,2
2023-04-22 21:20:28.501955,19,28,21.064153946885618,31.297145998671493,2,1,161
2023-04-22 21:20:28.501955,33,30,23.915519635757377,65.35163730748853,4,3,157
2023-04-22 21:20:28.501955,12,24,22.232411038752133,42.55189702889651,3,3,419
2023-04-22 21:20:28.501955,27,5,13.994527272699877,44.5935148097229,2,3,72
2023-04-22 21:20:28.501955,26,45,16.5936367761816,39.05257990068027,3,3,406
2023-04-22 21:20:28.501955,43,45,29.0031701882643,40.98066742305477,2,3,130
2023-04-22 21:20:28.501955,43,36,17.00431909795102,54.39723215175576,1,4,308
2023-04-22 21:20:28.501955,18,10,29.362171429151186,63.3265457276569,1,1,490
2023-04-22 21:20:28.501955,12,9,19.37533167884191,56.534057294462244,3,2,96
2023-04-22 21:20:28.501955,38,12,21.213102045292164,66.25295640818717,2,3,388
2023-04-22 21:20:28.501955,23,47,14.305557973995633,62.18373422633937,2,3,206
2023-04-22 21:20:28.501955,44,31,20.6638286083834,49.386366312537895,3,1,49
2023-04-22 21:20:28.501955,5,17,26.377321937789013,44.21432880547823,2,2,67
2023-04-22 21:20:28.501955,27,31,12.983566698596487,55.219237993996,3,1,282
2023-04-22 21:20:28.501955,35,41,21.426886448106906,49.19938472318815,4,2,78
2023-04-22 21:20:28.501955,34,2,23.874053309343964,39.43623814163305,2,1,432
2023-04-22 21:20:28.501955,32,24,23.53343645760367,45.99370037779322,4,1,399
2023-04-22 21:20:28.501955,15,33,23.515175153520406,79.08641687231254,1,4,71
2023-04-22 21:20:28.501955,26,49,21.87802326225095,44.67129277031438,3,3,488
2023-04-22 21:20:28.501955,47,25,16.63804947293043,53.24639463257918,2,4,437
2023-04-22 21:20:28.501955,0,41,15.506134261779694,49.087076335487545,3,3,44
2023-04-22 21:20:28.501955,6,22,29.706771281058504,33.2424116467092,4,4,358
2023-04-22 21:20:28.501955,2,31,18.766058589022478,66.90350255932248,1,1,467
2023-04-22 21:20:28.501955,33,29,19.787825070815398,50.76278041233635,4,1,222
2023-04-22 21:20:28.501955,43,12,20.148984697559,49.75101785284951,1,2,269
2023-04-22 21:20:28.501955,15,18,22.079857543014143,61.599951748794176,3,2,366
2023-04-22 21:20:28.501955,47,16,23.767271755155065,40.656951314883806,3,4,60
2023-04-22 21:20:28.501955,25,9,16.475726758005827,44.94116401093202,3,4,417
2023-04-22 21:20:28.501955,5,15,20.738146814278046,43.33824164839925,4,3,204
2023-04-22 21:20:28.501955,41,35,21.458934957594305,54.525603191225585,3,4,87
2023-04-22 21:20:28.501955,23,38,21.895633921863606,65.95607847754782,4,4,351
2023-04-22 21:20:28.501955,20,32,22.04368507387552,37.05205378215236,4,4,420
2023-04-22 21:20:28.501955,1,2,18.34122457481561,61.18335057449896,2,1,171
2023-04-22 21:20:28.501955,33,26,22.064498905774876,31.80866495451186,1,1,202
2023-04-22 21:20:28.501955,25,9,29.21977154991068,47.14969164159169,4,1,481
2023-04-22 21:20:28.501955,47,25,24.60996926065195,55.334602168245496,1,4,393
2023-04-22 21:20:28.501955,44,2,18.343594506197032,68.77902026130948,3,2,34
2023-04-22 21:20:28.501955,4,23,13.600648568966403,60.6590149292944,4,3,57
2023-04-22 21:20:28.501955,26,28,17.227914062240636,59.08315341379375,1,2,456
2023-04-22 21:20:28.501955,36,49,4.441842996470902,57.14120737308998,2,2,464
2023-04-22 21:20:28.501955,4,32,12.089435371820167,62.62325008996307,2,2,200
2023-04-22 21:20:28.501955,43,4,23.477015944378866,60.026486742326966,2,4,449
2023-04-22 21:20:28.501955,39,0,20.425347029720548,38.983708188257175,1,2,215
2023-04-22 21:20:28.501955,20,40,26.135318613011194,42.90669213021667,2,2,273
2023-04-22 21:20:28.501955,32,19,21.24881160746702,48.027321040886136,1,4,130
2023-04-22 21:20:28.501955,12,15,20.956292840022638,55.715997924110965,1,4,113
2023-04-22 21:20:28.501955,12,39,22.10774096068123,50.86259275395626,2,1,488
2023-04-22 21:20:28.501955,43,44,18.516294914408764,64.5092279305294,2,3,35
2023-04-22 21:20:28.501955,26,3,20.20315599457127,37.313662774630856,1,1,156
2023-04-22 21:20:28.501955,25,2,28.779240722043987,57.34805540302191,3,3,311
2023-04-22 21:20:28.501955,42,47,19.904001882340218,52.091088075748175,1,3,75
2023-04-22 21:20:28.501955,1,42,14.075851399478427,38.79931493877933,4,2,409
2023-04-22 21:20:28.501955,14,15,17.227258766676698,57.275361858644025,3,1,205
2023-04-22 21:20:28.501955,25,19,23.28261047826535,33.36473816848071,2,4,204
2023-04-22 21:20:28.501955,4,33,16.969956748016948,55.01538179271602,1,4,415
2023-04-22 21:20:28.501955,5,40,19.359452482533822,57.097759419006046,4,1,393
2023-04-22 21:20:28.501955,4,48,14.905521318017723,43.35566995432805,2,4,424
2023-04-22 21:20:28.501955,34,27,21.75843298631936,56.144229407562335,1,1,189
2023-04-22 21:20:28.501955,11,33,30.148637444638183,35.69820911643194,3,3,371
2023-04-22 21:20:28.501955,5,41,16.188405307255305,41.111181959590944,4,2,260
2023-04-22 21:20:28.501955,22,33,22.80152739575053,51.19238466372079,3,2,58
2023-04-22 21:20:28.501955,28,38,21.213898080267843,50.16843736010555,1,1,40
2023-04-22 21:20:28.501955,22,40,26.37115698418249,24.951784538683384,4,3,296
2023-04-22 21:20:28.501955,8,16,11.777556568095687,40.72701072892485,1,2,277
2023-04-22 21:20:28.501955,33,20,15.47062656106912,53.15614263968031,4,4,47
2023-04-22 21:20:28.501955,44,24,25.921473101178805,54.80979568544161,2,2,358
2023-04-22 21:20:28.501955,14,15,23.79325666559164,57.496817743531835,4,2,230
2023-04-22 21:20:28.501955,40,15,21.212580419238808,59.95135294853204,4,4,298
2023-04-22 21:20:28.501955,42,5,19.241102189141287,50.62960681655451,4,2,395
2023-04-22 21:20:28.501955,13,40,20.302014335198955,45.464120931114934,4,4,26
2023-04-22 21:20:28.501955,33,20,18.53235469498347,43.272323956176805,1,4,114
2023-04-22 21:20:28.501955,1,23,23.200207128916926,47.76312667449259,4,2,315
2023-04-22 21:20:28.501955,25,1,15.296892676472119,43.73832847351136,1,2,443
2023-04-22 21:20:28.501955,4,5,23.16841472419667,36.87483952722091,2,1,0
2023-04-22 21:20:28.501955,49,10,29.793829850615616,54.25695150813806,3,4,209
2023-04-22 21:20:28.501955,28,43,13.181527906029256,48.639275412181775,2,4,370
2023-04-22 21:20:28.501955,38,35,12.614859537499928,49.197412435872884,3,3,295
2023-04-22 21:20:28.501955,49,36,24.444525566209094,43.38862657792637,3,2,381
2023-04-22 21:20:28.501955,42,29,28.286718580613623,43.21483353910225,1,4,19
2023-04-22 21:20:28.501955,17,20,17.95527589663059,52.471709314042776,1,2,380
2023-04-22 21:20:28.501955,25,29,20.350969336987795,40.088983099464336,4,4,367
2023-04-22 21:20:28.501955,17,44,17.208729854717472,50.49514002890567,3,2,389
2023-04-22 21:20:28.501955,29,18,10.779030488477693,45.48613132993719,4,2,138
2023-04-22 21:20:28.501955,28,42,19.10683705853115,70.03879822890009,4,4,327
2023-04-22 21:20:28.501955,35,42,16.459980980592242,50.941840116833006,2,1,189
2023-04-22 21:20:28.501955,43,43,16.343319643596843,32.59261536158432,1,1,263
2023-04-22 21:20:28.501955,43,27,7.496390077371915,68.16893308598392,2,1,78
2023-04-22 21:20:28.501955,45,0,29.32605865334868,71.65810621831207,2,4,180
2023-04-22 21:20:28.501955,25,44,22.186378534388698,50.16944398725028,2,4,70
2023-04-22 21:20:28.501955,25,7,28.986755355632624,40.45092663508376,2,4,327
2023-04-22 21:20:28.501955,48,40,20.435318934715777,44.05592416259981,3,2,17
2023-04-22 21:20:28.501955,17,26,24.321667324201325,34.896494646752195,2,1,466
2023-04-22 21:20:28.501955,21,42,16.96275241085454,52.03240716081577,4,3,77
2023-04-22 21:20:28.501955,9,23,19.32140223145164,65.04280669335884,4,2,360
2023-04-22 21:20:28.501955,19,4,15.217154085294645,39.70203511850255,1,1,98
2023-04-22 21:20:28.501955,26,45,20.0832556599853,48.764881640839484,3,1,337
2023-04-22 21:20:28.501955,49,28,22.629110775518733,51.47521825256502,2,1,463
2023-04-22 21:20:28.501955,4,7,14.546375199864396,40.49501565469552,3,4,71
2023-04-22 21:20:28.501955,41,31,16.720170696978315,30.15698667443448,3,2,85
2023-04-22 21:20:28.501955,2,39,20.477829533953,48.79581786920891,2,1,421
2023-04-22 21:20:28.501955,44,45,31.235534477898383,46.27858349436329,3,3,294
2023-04-22 21:20:28.501955,24,27,19.19599932930136,61.9248594401854,4,4,168
2023-04-22 21:20:28.501955,44,11,11.312863793048104,39.54853923650681,3,1,468
2023-04-22 21:20:28.501955,4,32,10.255465944244893,59.51133620078263,2,3,413
2023-04-22 21:20:28.501955,27,44,23.43228891902981,51.11767586241389,1,2,318
2023-04-22 21:20:28.501955,42,30,24.294938266244888,32.52455554093554,1,4,103
2023-04-22 21:20:28.501955,2,45,14.750912821989743,42.77010789806087,1,1,31
2023-04-22 21:20:28.501955,41,8,14.273315990720867,59.35790282834366,3,3,255
2023-04-22 21:20:28.501955,45,37,18.507052322012985,46.99393082162888,3,2,210
2023-04-22 21:20:28.501955,25,1,20.809535970680933,46.40805552896181,2,4,248
2023-04-22 21:20:28.501955,40,21,10.249616429330718,41.129514050853786,1,1,16
2023-04-22 21:20:28.501955,46,25,23.694291318982227,27.735328215913043,1,2,231
2023-04-22 21:20:28.501955,18,17,20.747311258430702,35.64267485589591,1,1,355
2023-04-22 21:20:28.501955,24,33,22.801866278358183,56.55686594961688,3,1,346
2023-04-22 21:20:28.501955,16,37,17.46232741104603,50.23043871273786,4,1,287
2023-04-22 21:20:28.501955,9,45,19.63531182184734,55.08296434848138,4,2,358
2023-04-22 21:20:28.501955,47,29,13.592762349182754,42.22496913135391,3,2,19
2023-04-22 21:20:28.501955,17,40,24.42192013662255,31.170827437015618,1,1,295
2023-04-22 21:20:28.501955,48,0,22.21296566769732,57.94347098403695,3,3,299
2023-04-22 21:20:28.501955,31,25,24.289916671638224,53.12302804881921,3,3,410
2023-04-22 21:20:28.501955,6,10,19.418429863580357,60.52715905854857,4,3,208
2023-04-22 21:20:28.501955,29,26,20.919287943822045,54.018446710178516,4,2,430
2023-04-22 21:20:28.501955,43,4,26.412398798946228,26.835260297768173,4,3,193
2023-04-22 21:20:28.501955,2,41,20.74865889443992,48.67184892391006,3,2,291
2023-04-22 21:20:28.501955,4,7,9.250227952956504,69.67101391400013,4,1,144
2023-04-22 21:20:28.501955,21,22,17.480277334794742,51.358736030848334,3,4,169
2023-04-22 21:20:28.501955,44,38,16.440716816143293,52.941771284032896,1,2,418
2023-04-22 21:20:28.501955,49,19,11.675673875868702,54.482097756622814,3,3,153
2023-04-22 21:20:28.501955,27,39,18.457934711434802,50.376800674198904,3,1,457
2023-04-22 21:20:28.501955,11,26,23.226433249049453,43.547122841662336,4,4,250
2023-04-22 21:20:28.501955,5,26,24.56432623419752,54.26623420498621,1,1,111
2023-04-22 21:20:28.501955,39,47,19.277166070085013,52.3855857975247,4,2,108
2023-04-22 21:20:28.501955,20,42,29.57892327349787,52.92850107787193,4,1,253
2023-04-22 21:20:28.501955,36,48,23.848398849090763,60.78932762001341,2,1,480
2023-04-22 21:20:28.501955,43,9,21.344700568892733,64.75304818657015,4,4,90
2023-04-22 21:20:28.501955,18,12,16.85164683529239,58.188543535085834,2,3,279
2023-04-22 21:20:28.501955,32,36,18.633810566413917,40.90408544026488,1,4,432
2023-04-22 21:20:28.501955,18,39,18.111166209788284,47.48145203180093,3,1,42
2023-04-22 21:20:28.501955,44,26,18.786498171855342,41.64362194915405,1,4,63
2023-04-22 21:20:28.501955,48,37,14.291998275222419,64.1404257629435,3,4,302
2023-04-22 21:20:28.501955,47,40,26.191073682617947,67.65996319737589,3,1,131
2023-04-22 21:20:28.501955,35,47,24.725715199995157,44.880095267560755,1,3,262
2023-04-22 21:20:28.501955,47,32,22.172811358555688,37.07943762046166,3,4,361
2023-04-22 21:20:28.501955,35,42,21.33917005332138,47.29511243203556,2,1,265
2023-04-22 21:20:28.501955,14,16,19.190101069127323,45.56157899373481,2,2,158
2023-04-22 21:20:28.501955,6,4,19.693958555835476,54.70896203414766,4,1,120
2023-04-22 21:20:28.501955,39,12,14.615126953977022,42.65977711928755,2,3,403
2023-04-22 21:20:28.501955,10,10,16.413093260881162,53.174083031744594,3,2,235
2023-04-22 21:20:28.501955,17,15,20.448212005848173,52.22239844339634,2,1,105
2023-04-22 21:20:28.501955,49,28,10.42869093771778,48.23942444500672,4,3,93
2023-04-22 21:20:28.501955,24,33,20.946498164886336,64.74052008878485,3,3,92
2023-04-22 21:20:28.501955,7,21,16.67502291960497,53.36695078518885,3,2,122
2023-04-22 21:20:28.501955,36,19,23.73925501099166,41.966271377539094,3,1,111
2023-04-22 21:20:28.501955,24,45,16.657113054064304,50.6782990341635,4,4,466
2023-04-22 21:20:28.501955,6,16,12.86140035865948,50.40488059561536,2,3,38
2023-04-22 21:20:28.501955,30,40,24.296023661542463,44.05564044033795,2,1,329
2023-04-22 21:20:28.501955,40,35,22.232081179742206,41.731074288380775,2,2,64
2023-04-22 21:20:28.501955,47,36,28.599788800536174,69.33627166051456,2,4,6
2023-04-22 21:20:28.501955,5,42,26.880500631877663,49.67459893901175,3,4,328
2023-04-22 21:20:28.501955,18,22,17.337712328716616,64.85530898258564,4,3,22
2023-04-22 21:20:28.501955,43,7,19.558112974527432,58.45789079204033,4,1,211
2023-04-22 21:20:28.501955,18,31,19.479065726568823,67.67699196827934,4,4,331
2023-04-22 21:20:28.501955,20,45,21.44922148911432,43.56441144126704,2,3,233
2023-04-22 21:20:28.501955,44,31,22.16650181086183,63.11715803176466,3,1,412
2023-04-22 21:20:28.501955,11,46,27.37379489179137,54.618074463095176,2,1,312
2023-04-22 21:20:28.501955,33,43,12.738804352894354,47.54006081233344,4,2,101
2023-04-22 21:20:28.501955,9,1,15.915635271546279,52.19313083158466,1,2,434
2023-04-22 21:20:28.501955,38,30,24.77798493584098,39.43518281416984,3,2,9
2023-04-22 21:20:28.501955,26,32,29.725057324214617,72.34251563917826,2,4,214
2023-04-22 21:20:28.501955,11,41,25.82063891824956,38.47790642766617,4,1,389
2023-04-22 21:20:28.501955,0,45,19.08646295070542,44.35415462656231,4,2,475
2023-04-22 21:20:28.501955,9,49,25.11204532033684,30.788875352679742,2,1,484
2023-04-22 21:20:28.501955,34,21,17.73740245187647,59.79564007803273,2,4,400
2023-04-22 21:20:28.501955,7,41,22.53794829617492,42.13967045770555,3,2,294
2023-04-22 21:20:28.501955,13,46,14.273005443386936,56.51070202200699,2,1,282
2023-04-22 21:20:28.501955,11,19,20.89879892038785,45.62017019360129,4,4,156
2023-04-22 21:20:28.501955,31,35,24.52728411971854,47.87468390818016,4,2,298
2023-04-22 21:20:28.501955,20,13,25.697101236180185,47.75493197577173,2,4,456
2023-04-22 21:20:28.501955,24,9,17.188372878885755,54.263260734387885,2,1,464
2023-04-22 21:20:28.501955,5,29,19.765887805929783,40.7029640607801,1,1,72
2023-04-22 21:20:28.501955,35,8,17.391958223701863,64.11281665398408,2,1,466
2023-04-22 21:20:28.501955,6,1,27.89329982156,41.584443031520955,4,2,423
2023-04-22 21:20:28.501955,34,39,21.894375366295336,53.78728385091003,3,3,238
2023-04-22 21:20:28.501955,13,39,19.80963858142186,42.53288087415553,3,3,145
2023-04-22 21:20:28.501955,32,20,24.276983244536225,49.696958980439895,3,2,407
2023-04-22 21:20:28.501955,12,1,21.673850300600957,49.61932875677939,1,1,324
2023-04-22 21:20:28.501955,13,26,17.18365386732431,66.04491436328303,4,2,261
2023-04-22 21:20:28.501955,1,27,13.944616913856759,55.825041489220084,3,3,464
2023-04-22 21:20:28.501955,0,32,17.529546547244575,30.079945612309253,3,2,282
2023-04-22 21:20:28.501955,43,5,24.286672464552947,75.56463209690446,4,3,252
2023-04-22 21:20:28.501955,45,30,12.415902780413276,44.12160574074714,3,1,145
2023-04-22 21:20:28.501955,32,47,31.384068871160203,49.89979539602893,2,3,221
2023-04-22 21:20:28.501955,28,18,8.049712044437655,38.198712657638296,4,4,30
2023-04-22 21:20:28.501955,20,6,18.649078854121782,47.90867826202622,2,1,371
2023-04-22 21:20:28.501955,2,27,12.124080103962767,45.36116534956778,3,2,414
2023-04-22 21:20:28.501955,37,40,23.992931475769232,53.05420844309626,3,4,189
2023-04-22 21:20:28.501955,36,10,20.91991678339515,45.42666156810479,3,4,320
2023-04-22 21:20:28.501955,40,37,31.895439848064523,70.33127408340079,1,3,369
2023-04-22 21:20:28.501955,26,29,27.396446056689815,57.0294530787574,2,4,185
2023-04-22 21:20:28.501955,45,33,9.600233241601048,51.62241270204779,1,2,149
2023-04-22 21:20:28.501955,10,46,27.849639334678713,50.514039287215084,3,3,78
2023-04-22 21:20:28.501955,46,8,22.344507621331108,45.33938366679298,2,1,426
2023-04-22 21:20:28.501955,9,17,24.978822590630237,46.23094269488881,2,3,327
2023-04-22 21:20:28.501955,48,28,24.543788390929134,56.531353998625235,1,3,404
2023-04-22 21:20:28.501955,16,33,22.883762222348867,58.82003200751133,1,3,249
2023-04-22 21:20:28.501955,26,28,16.810576561365863,59.37336103670282,3,3,366
2023-04-22 21:20:28.501955,16,41,11.157431196068512,56.99398701208362,3,4,53
2023-04-22 21:20:28.501955,11,31,22.426523857643968,53.78511152486816,1,2,261
2023-04-22 21:20:28.501955,37,43,18.82821981688775,71.31396747462313,4,2,83
2023-04-22 21:20:28.501955,9,42,18.598863306661155,53.294120338197445,1,1,315
2023-04-22 21:20:28.501955,17,26,21.23084017919978,58.60463288578692,3,3,334
2023-04-22 21:20:28.501955,8,18,19.455274931409587,26.05942091026173,4,4,407
2023-04-22 21:20:28.501955,15,40,21.532277114885257,59.708993009144706,2,1,324
2023-04-22 21:20:28.501955,16,24,23.45949718088628,62.50912202677276,1,2,363
2023-04-22 21:20:28.501955,18,18,16.21148919971457,70.57519310017246,4,3,47
2023-04-22 21:20:28.501955,10,3,28.413012171268342,43.79613642923827,1,1,438
2023-04-22 21:20:28.501955,6,27,10.018264156092519,63.57670255002262,2,1,256
2023-04-22 21:20:28.501955,49,38,26.77546440635094,62.80443907823746,4,3,266
2023-04-22 21:20:28.501955,19,38,14.242859955916764,36.44198181230159,2,2,195
2023-04-22 21:20:28.501955,35,46,14.60825936281035,48.07511123014621,3,1,162
2023-04-22 21:20:28.501955,1,32,22.15965619209523,51.98072010360085,3,4,396
2023-04-22 21:20:28.501955,48,5,24.088280387881042,58.22364394431753,2,2,448
2023-04-22 21:20:28.501955,46,26,10.328120624491955,27.292757770923735,4,3,423
2023-04-22 21:20:28.501955,39,41,17.932612657634763,44.71468430216266,4,2,215
2023-04-22 21:20:28.501955,29,19,23.751155586078912,52.440012231558384,3,1,43
2023-04-22 21:20:28.501955,15,20,30.698140422150644,51.952889161440176,2,1,387
2023-04-22 21:20:28.501955,22,25,22.49083422526251,54.49945307654277,3,4,249
2023-04-22 21:20:28.501955,47,5,20.15658556391525,55.768968000707815,2,1,347
2023-04-22 21:20:28.501955,29,22,26.441509710906324,54.356142152369635,3,4,472
2023-04-22 21:20:28.501955,45,10,18.121806733006366,43.91941674376428,1,2,322
2023-04-22 21:20:28.501955,33,13,18.898509948995567,39.767423821710075,3,4,167
2023-04-22 21:20:28.501955,38,39,17.115420412562752,49.82660186748621,3,2,159
2023-04-22 21:20:28.501955,25,42,17.152074493529827,66.29414132934156,1,1,291
2023-04-22 21:20:28.501955,17,21,19.70453804759525,35.036388879927934,4,3,434
2023-04-22 21:20:28.501955,29,31,12.338403241381009,32.94140533783242,3,3,201
2023-04-22 21:20:28.501955,38,38,16.831657188540674,37.09475746468787,1,2,296
2023-04-22 21:20:28.501955,3,4,29.71837418810285,70.00599456777968,4,2,289
2023-04-22 21:20:28.501955,7,48,17.40909808434403,45.38505426329583,1,4,152
2023-04-22 21:20:28.501955,22,22,20.12776656938081,38.425543763497735,3,2,426
2023-04-22 21:20:28.501955,34,30,22.566040876901305,43.992863758938945,2,1,259
2023-04-22 21:20:28.501955,30,0,21.67750325288259,51.38759295729235,4,1,403
2023-04-22 21:20:28.501955,42,49,22.792421371140968,56.52880936215877,4,4,283
2023-04-22 21:20:28.501955,49,27,20.37075653746696,62.865499412531,1,3,404
2023-04-22 21:20:28.501955,23,19,20.092779189963775,33.168245495760004,1,1,150
2023-04-22 21:20:28.501955,46,45,22.510161664011125,50.072245209708164,2,4,35
2023-04-22 21:20:28.501955,45,31,17.885291734783756,37.46086596474988,2,2,420
2023-04-22 21:20:28.501955,8,8,15.72612991632088,51.987885813787294,3,3,369
2023-04-22 21:20:28.501955,14,32,25.517688435555176,51.35797631493054,4,4,363
2023-04-22 21:20:28.501955,43,31,14.944259362052966,44.182352833006775,3,2,221
2023-04-22 21:20:28.501955,7,42,22.247979825570955,41.74316560249068,1,1,335
2023-04-22 21:20:28.501955,28,12,16.144511146074684,56.34146099746545,2,3,135
2023-04-22 21:20:28.501955,5,3,28.743160118653538,35.15167903012408,1,2,268
2023-04-22 21:20:28.501955,45,46,24.47066891003005,50.16991905320534,3,2,215
2023-04-22 21:20:28.501955,49,13,21.592771614623054,60.90439697815451,4,4,119
2023-04-22 21:20:28.501955,39,15,19.962887317997897,41.87726143973457,1,1,182
2023-04-22 21:20:28.501955,6,30,15.436707761347911,58.94489876802876,3,3,270
2023-04-22 21:20:28.501955,44,5,16.736786503773192,32.8292402255961,1,2,464
2023-04-22 21:20:28.501955,25,16,16.66733180634458,45.20712338226468,4,2,474
2023-04-22 21:20:28.501955,45,28,13.620394789998725,43.58394547926117,4,4,89
2023-04-22 21:20:28.501955,7,7,23.5094825430833,50.33932845634469,4,4,103
2023-04-22 21:20:28.501955,6,20,17.203070370140235,59.163187093428704,2,3,69
2023-04-22 21:20:28.501955,32,37,21.886581797720396,49.053953129659924,4,3,418
2023-04-22 21:20:28.501955,4,34,33.57873727490957,49.78865809651197,4,1,370
2023-04-22 21:20:28.501955,3,43,12.350331851591061,50.37921764726226,1,4,255
2023-04-22 21:20:28.501955,23,6,25.741268726774237,54.64443087939756,4,4,158
2023-04-22 21:20:28.501955,42,34,22.390431616634597,34.492914213586644,2,4,286
2023-04-22 21:20:28.501955,9,8,16.347517871596267,47.930763214446564,1,4,349
2023-04-22 21:20:28.501955,5,28,16.724219705185757,43.86201925574759,1,2,173
2023-04-22 21:20:28.501955,22,45,19.03617392692445,52.5772382182926,2,3,321
2023-04-22 21:20:28.501955,29,3,11.878137518553585,61.09733971025801,2,3,353
2023-04-22 21:20:28.501955,38,10,9.305706373848281,36.64650425441646,4,4,362
2023-04-22 21:20:28.501955,19,49,16.684855481109743,38.17198819953279,2,2,301
2023-04-22 21:20:28.501955,19,22,29.359806766219116,46.70945935567713,4,3,168
2023-04-22 21:20:28.501955,40,19,22.974980240136006,49.984583870994136,1,3,226
2023-04-22 21:20:28.501955,24,0,24.953661136916338,41.52739021212554,4,1,161
2023-04-22 21:20:28.501955,16,32,14.619475679870114,31.236328021954847,2,3,474
2023-04-22 21:20:28.501955,48,12,27.1267850676607,38.73628149127899,2,2,343
2023-04-22 21:20:28.501955,3,41,22.833272380625814,38.007869154199746,1,1,340
2023-04-22 21:20:28.501955,34,33,33.56635556543842,59.306853643277535,1,2,417
2023-04-22 21:20:28.501955,29,13,18.044648550787436,69.52643249349504,1,3,195
2023-04-22 21:20:28.501955,27,11,18.28860255117569,34.349585221997245,4,3,24
2023-04-22 21:20:28.501955,45,36,16.60295914312757,53.96305286790054,4,4,10
2023-04-22 21:20:28.501955,33,33,22.301199627085545,44.27028512011556,2,3,288
2023-04-22 21:20:28.501955,20,45,19.115036905100535,56.68063150763166,1,4,54
2023-04-22 21:20:28.501955,49,10,20.850438048995386,42.66080876249857,2,4,153
2023-04-22 21:20:28.501955,20,47,14.101433903363036,40.88181716379786,3,3,439
2023-04-22 21:20:28.501955,43,6,20.09123970205366,52.66892939132458,4,1,497
2023-04-22 21:20:28.501955,40,26,13.682581537727678,56.933911191544674,1,4,33
2023-04-22 21:20:28.501955,42,9,21.45935574815325,39.28527442029646,2,3,139
2023-04-22 21:20:28.501955,40,44,20.42463391764373,44.50034617876229,1,2,352
2023-04-22 21:20:28.501955,15,47,28.818878973619853,42.474369597911924,4,1,280
2023-04-22 21:20:28.501955,1,1,16.184924964910337,50.95548167662519,1,3,44
2023-04-22 21:20:28.501955,11,27,19.660837603129018,47.94764605697461,2,2,348
2023-04-22 21:20:28.501955,31,46,17.866599101889914,61.62722432514606,2,3,115
2023-04-22 21:20:28.501955,40,27,24.791249911835934,61.10744402537863,4,2,20
2023-04-22 21:20:28.501955,46,3,23.081863078633354,40.40636025092165,1,2,368
2023-04-22 21:20:28.501955,31,39,22.455065811741978,53.13250887081327,1,1,400
2023-04-22 21:20:28.501955,8,38,19.254972454428216,47.09697496723722,3,1,99
2023-04-22 21:20:28.501955,8,37,22.749836825638145,61.990761915656705,3,4,344
2023-04-22 21:20:28.501955,3,26,24.167694990166794,53.610159340979344,3,2,113
2023-04-22 21:20:28.501955,31,44,16.916059335089113,31.827083309238528,1,4,71
2023-04-22 21:20:28.501955,28,40,20.552981786729692,36.43325204557528,2,3,5
2023-04-22 21:20:28.501955,2,13,18.98935167169436,22.29085176223366,3,3,151
2023-04-22 21:20:28.501955,11,12,17.651439767541746,39.537125484468724,4,2,184
2023-04-22 21:20:28.501955,30,4,19.16059224962085,47.81958210589045,1,2,18
2023-04-22 21:20:28.501955,42,39,19.00632707978077,56.0361679228726,1,3,119
2023-04-22 21:20:28.501955,23,45,20.18318496778405,60.63667604442028,4,3,268
2023-04-22 21:20:28.501955,8,21,18.540206249938702,50.073705096145225,2,2,52
2023-04-22 21:20:28.501955,34,47,17.749428201138706,52.50119698567819,4,4,480
2023-04-22 21:20:28.501955,40,20,15.54557481492563,50.95494358810443,4,2,288
2023-04-22 21:20:28.501955,43,44,9.362567366111476,59.48101356044185,3,3,332
2023-04-22 21:20:28.501955,38,41,23.085208471559664,48.21820947615249,1,1,341
2023-04-22 21:20:28.501955,23,48,20.2551010465929,54.840169148986206,2,2,458
2023-04-22 21:20:28.501955,5,1,25.14421881976824,33.80468048306476,1,1,295
2023-04-22 21:20:28.501955,33,49,16.5811474817459,59.393797260714166,1,4,304
2023-04-22 21:20:28.501955,46,21,21.733835858016903,60.52440265865917,1,3,346
2023-04-22 21:20:28.501955,30,35,15.958689470140989,40.686393873524956,3,2,400
2023-04-22 21:20:28.501955,25,45,25.065017186786207,42.912576258987876,2,4,65
2023-04-22 21:20:28.501955,4,41,10.107948765815491,40.42442126101207,3,4,177
2023-04-22 21:20:28.501955,45,29,21.53881843213587,28.159916837620656,3,2,148
2023-04-22 21:20:28.501955,16,16,23.52847587797079,52.72439191617608,3,3,356
2023-04-22 21:20:28.501955,0,6,23.258065853118467,48.31618580568626,1,4,53
2023-04-22 21:20:28.501955,13,19,11.103790654555413,71.753640254996,3,1,482
2023-04-22 21:20:28.501955,44,16,25.61988873194571,57.961865143289415,3,1,422
2023-04-22 21:20:28.501955,30,15,25.52198138609219,28.888948120430086,2,1,258
2023-04-22 21:20:28.501955,14,9,13.128758713256742,29.2021273195669,4,1,497
2023-04-22 21:20:28.501955,29,47,13.402885492059983,48.744370247359385,2,2,364
2023-04-22 21:20:28.501955,3,44,24.170402223435403,57.86218473293389,1,2,268
2023-04-22 21:20:28.501955,35,28,18.747442608667846,58.176715188476976,4,3,200
2023-04-22 21:20:28.501955,46,41,28.159728084994384,59.703171874028016,1,3,169
2023-04-22 21:20:28.501955,39,29,24.771690868131834,50.19422077101213,4,2,416
2023-04-22 21:20:28.501955,24,31,20.320786155250318,75.35114266104802,2,2,274
2023-04-22 21:20:28.501955,24,13,21.819186548315496,52.48186281588618,2,2,424
2023-04-22 21:20:28.501955,23,21,20.427266071139904,50.81472024324033,2,1,113
2023-04-22 21:20:28.501955,45,7,16.15532874852633,54.07117710501325,4,1,239
2023-04-22 21:20:28.501955,6,17,22.12481221307889,44.974812875004034,1,4,190
2023-04-22 21:20:28.501955,12,35,13.35708988021262,52.42229159823711,2,2,89
2023-04-22 21:20:28.501955,38,2,21.792821445422287,46.46451221802342,1,4,325
2023-04-22 21:20:28.501955,47,33,20.541453659685057,57.71996055251174,3,1,103
2023-04-22 21:20:28.501955,18,5,11.185210643449071,48.4813269754159,3,4,386
2023-04-22 21:20:28.501955,1,46,20.045688000242187,49.67264188100338,2,2,162
2023-04-22 21:20:28.501955,41,11,13.140055491927775,45.098995199822994,3,3,470
2023-04-22 21:20:28.501955,11,12,26.29467863637508,41.27901235913579,3,3,219
2023-04-22 21:20:28.501955,48,11,20.678283205812885,70.95198795794016,2,3,31
2023-04-22 21:20:28.501955,29,31,19.606675761565327,63.48464576714947,1,2,302
2023-04-22 21:20:28.501955,20,10,17.36247599746217,46.838335763977156,2,2,479
2023-04-22 21:20:28.501955,5,17,25.90146441515958,39.13153854858456,1,4,466
2023-04-22 21:20:28.501955,19,4,30.125392345925512,49.54508103751379,4,1,453
2023-04-22 21:20:28.501955,32,33,22.45454921531941,45.99004262092901,3,4,181
2023-04-22 21:20:28.501955,29,46,21.461495398388422,49.43472558837848,1,1,19
2023-04-22 21:20:28.501955,27,14,8.625607828976687,39.29679348873262,2,3,411
2023-04-22 21:20:28.501955,26,32,16.282321438846935,55.98042018181817,4,1,339
2023-04-22 21:20:28.501955,41,17,21.316928342561337,49.34160041017342,2,3,211
2023-04-22 21:20:28.501955,25,7,29.513974360936004,65.62337928762524,1,1,135
2023-04-22 21:20:28.501955,18,5,23.51692485763845,44.1713428780518,3,3,64
2023-04-22 21:20:28.501955,38,29,21.013214522483285,53.15599629626845,2,2,245
2023-04-22 21:20:28.501955,40,7,25.036628206058314,65.5967534136266,3,3,360
2023-04-22 21:20:28.501955,44,44,14.719514336777356,52.629221004072576,3,2,283
2023-04-22 21:20:28.501955,13,45,18.487240822556092,57.49333527425101,1,1,111
2023-04-22 21:20:28.501955,35,49,21.005911303659897,33.99093547445625,2,2,149
2023-04-22 21:20:28.501955,36,28,14.004628602540246,44.78803464829659,4,1,399
2023-04-22 21:20:28.501955,24,24,19.882788462225147,47.12382429765468,2,1,398
2023-04-22 21:20:28.501955,39,25,14.445400117878112,56.0781604947039,2,4,0
2023-04-22 21:20:28.501955,46,12,27.167077065701093,47.07159560062525,1,1,84
2023-04-22 21:20:28.501955,37,46,21.385372277881235,54.629710878623015,4,1,367
2023-04-22 21:20:28.501955,10,37,16.527877541879594,41.64014860074592,2,3,203
2023-04-22 21:20:28.501955,1,49,14.432467936221324,48.11163292228474,1,3,339
2023-04-22 21:20:28.501955,2,16,19.589088498180075,42.42700258471145,2,2,19
2023-04-22 21:20:28.501955,15,36,11.527336687425393,49.75239830535246,1,2,4
2023-04-22 21:20:28.501955,19,17,22.1401653620837,57.276714600409846,4,4,111
2023-04-22 21:20:28.501955,38,42,24.781491767241597,65.4822804769627,3,4,354
2023-04-22 21:20:28.501955,20,6,18.087903300507474,42.40496772040434,1,1,312
2023-04-22 21:20:28.501955,3,44,23.720825015652792,53.27755549057157,4,2,368
2023-04-22 21:20:28.501955,2,27,31.774058411181123,49.26039414977118,1,1,102
2023-04-22 21:20:28.501955,13,14,13.780494560067496,66.56501587328881,3,3,389
2023-04-22 21:20:28.501955,5,44,15.33272856472518,26.679465352418525,2,4,328
2023-04-22 21:20:28.501955,44,45,17.068925360498877,69.6500745909768,2,1,449
2023-04-22 21:20:28.501955,4,36,25.89126189314354,51.485153158206984,1,1,260
2023-04-22 21:20:28.501955,42,30,15.71895163083632,37.87126831385879,4,2,421
2023-04-22 21:20:28.501955,20,44,18.95912182167851,65.03827485955429,1,2,452
2023-04-22 21:20:28.501955,45,15,20.997371888501256,53.33759293881381,2,1,483
2023-04-22 21:20:28.501955,16,24,13.32579801248381,59.92673651860072,1,4,226
2023-04-22 21:20:28.501955,39,45,15.231278738859986,60.964191369067706,3,4,444
2023-04-22 21:20:28.501955,1,9,23.279982818673492,51.10307631561475,3,1,69
2023-04-22 21:20:28.501955,30,32,22.792935065646923,62.22975699391028,1,2,320
2023-04-22 21:20:28.501955,20,34,21.39320324829851,45.922000397531235,2,3,318
2023-04-22 21:20:28.501955,42,41,22.664524798492142,43.009690237843635,4,4,112
2023-04-22 21:20:28.501955,14,42,20.9309789299477,60.23787116288035,4,3,229
2023-04-22 21:20:28.501955,5,39,19.475842789046474,57.75010218069964,3,2,489
2023-04-22 21:20:28.501955,22,8,21.168066192621218,46.88307140069882,3,3,387
2023-04-22 21:20:28.501955,26,18,19.207566150756687,72.31354156678842,2,2,299
2023-04-22 21:20:28.501955,25,8,15.606316985802465,27.888191266547835,1,1,464
2023-04-22 21:20:28.501955,34,48,19.711257171940773,81.81789543381664,4,2,110
2023-04-22 21:20:28.501955,18,42,22.61317296927238,53.21447470398659,4,2,130
2023-04-22 21:20:28.501955,44,38,28.783810924719223,43.84291147705892,1,1,244
2023-04-22 21:20:28.501955,4,23,20.52934588296799,30.877373687020498,4,1,282
2023-04-22 21:20:28.501955,5,46,30.067645656587928,45.79083631413023,1,4,314
2023-04-22 21:20:28.501955,29,12,23.44319468721816,51.750502926795036,2,3,102
2023-04-22 21:20:28.501955,41,32,25.459888476477296,20.59418002003152,2,4,122
2023-04-22 21:20:28.501955,40,24,24.376639390249657,58.4560361876856,2,3,102
2023-04-22 21:20:28.501955,49,45,17.43944266347426,28.290817760254892,1,4,270
2023-04-22 21:20:28.501955,42,33,21.857918568117576,51.15007656843229,4,1,338
2023-04-22 21:20:28.501955,31,17,19.63314293704846,54.26662891584421,4,4,425
2023-04-22 21:20:28.501955,23,14,19.51961187383057,51.638703981259816,4,1,15
2023-04-22 21:20:28.501955,38,16,22.430820647602623,67.21376408979792,2,1,389
2023-04-22 21:20:28.501955,23,7,23.954501617932237,44.36623794830643,2,4,355
2023-04-22 21:20:28.501955,30,2,26.423993494351816,45.36095145319659,1,3,210
2023-04-22 21:20:28.501955,17,42,18.42211967633991,42.51622263825077,4,4,431
2023-04-22 21:20:28.501955,3,5,28.54361498831082,37.48060819207886,1,3,51
2023-04-22 21:20:28.501955,5,44,20.605926603852183,54.82388255495586,4,2,61
2023-04-22 21:20:28.501955,46,47,17.721425401511908,42.65733241089545,1,1,72
2023-04-22 21:20:28.501955,18,37,15.837782628215326,39.58100414870877,1,4,63
2023-04-22 21:20:28.501955,2,18,11.48902862813953,28.487482895942872,1,1,266
2023-04-22 21:20:28.501955,44,45,20.808015154171315,57.38803315676946,2,2,411
2023-04-22 21:20:28.501955,46,21,15.737005934551505,64.24306285723813,2,2,80
2023-04-22 21:20:28.501955,38,1,15.019134730010293,49.158855694234,4,3,106
2023-04-22 21:20:28.501955,8,34,25.637419027404917,45.4341834980618,4,3,290
2023-04-22 21:20:28.501955,12,31,17.66396228508719,63.58243199114576,1,2,332
2023-04-22 21:20:28.501955,39,20,16.98221612442433,39.81619671213109,2,1,149
2023-04-22 21:20:28.501955,38,26,20.893637471174465,50.309135062947846,4,1,439
2023-04-22 21:20:28.501955,27,48,19.931966632534152,43.43560710839405,2,4,405
2023-04-22 21:20:28.501955,2,36,17.00646453351636,51.25248760221075,4,1,26
2023-04-22 21:20:28.501955,10,8,14.424562444299315,52.140181986905,3,2,224
2023-04-22 21:20:28.501955,30,30,23.747263146385112,54.32438321729625,1,3,186
2023-04-22 21:20:28.501955,36,7,23.8722374523042,66.38005818445966,3,4,18
2023-04-22 21:20:28.501955,5,20,11.74443748699023,62.7531961775928,3,4,379
2023-04-22 21:20:28.501955,9,21,11.858985542172949,47.486138466838405,1,1,73
2023-04-22 21:20:28.501955,39,21,32.527928721145834,38.75459187860023,4,4,123
2023-04-22 21:20:28.501955,48,4,26.291911556559864,50.00307312164704,4,1,463
2023-04-22 21:20:28.501955,21,12,21.372650350372748,37.74203907546381,1,3,303
2023-04-22 21:20:28.501955,26,48,20.363421979997078,46.757242105931546,4,2,339
2023-04-22 21:20:28.501955,22,31,12.801946124105328,55.10148212196526,3,2,109
2023-04-22 21:20:28.501955,48,18,24.2118009681817,73.86206527583485,3,1,365
2023-04-22 21:20:28.501955,6,4,18.42367367316306,58.53481224017376,1,2,0
2023-04-22 21:20:28.501955,36,1,28.770797022479172,50.88325385137638,1,2,80
2023-04-22 21:20:28.501955,6,18,16.53885070690327,31.238350615280964,3,4,58
2023-04-22 21:20:28.501955,24,18,24.130569045516573,49.81795654383589,3,4,77
2023-04-22 21:20:28.501955,34,47,11.428247789637533,41.92487228979262,4,1,27
2023-04-22 21:20:28.501955,17,29,17.248637229246953,61.452777635006,3,1,234
2023-04-22 21:20:28.501955,27,12,17.816264254127713,47.71566464637032,4,1,182
2023-04-22 21:20:28.501955,3,0,15.48519933364983,50.87058680717484,3,4,201
2023-04-22 21:20:28.501955,42,45,16.898044742495337,59.486904809746164,3,2,394
2023-04-22 21:20:28.501955,47,14,16.975481614275377,69.00418675701724,4,3,416
2023-04-22 21:20:28.501955,14,1,29.578889131074565,51.634161206064476,4,4,231
2023-04-22 21:20:28.501955,1,43,30.12637365681755,40.598903712899876,3,4,56
2023-04-22 21:20:28.501955,33,1,11.026128217723723,54.54218324288073,3,4,60
2023-04-22 21:20:28.501955,8,43,24.929353009760423,46.926319734461785,4,1,490
2023-04-22 21:20:28.501955,37,44,20.093456812204106,57.919918288928415,3,1,35
2023-04-22 21:20:28.501955,13,11,17.997340234859045,45.68911657201458,2,2,131
2023-04-22 21:20:28.501955,41,24,17.564905713325242,49.16614710090429,3,2,67
2023-04-22 21:20:28.501955,15,3,20.04836894925935,53.81507598480587,2,1,472
2023-04-22 21:20:28.501955,3,22,11.869376649239507,47.79492121375169,4,2,194
2023-04-22 21:20:28.501955,35,23,26.351295798957413,41.105725100438,1,2,30
2023-04-22 21:20:28.501955,4,33,23.99846748640909,54.949914349095764,1,1,212
2023-04-22 21:20:28.501955,33,30,30.41268419984268,51.45080214261793,4,1,273
2023-04-22 21:20:28.501955,16,16,17.818491904964315,49.17687759602253,3,1,55
2023-04-22 21:20:28.501955,27,4,22.238832336497243,51.201753874423126,4,4,176
2023-04-22 21:20:28.501955,8,2,15.516741832511599,63.856559606067194,3,2,448
2023-04-22 21:20:28.501955,13,30,18.04657936665228,43.693984177462255,1,1,294
2023-04-22 21:20:28.501955,6,30,20.847611377265846,51.439341242667666,3,1,179
2023-04-22 21:20:28.501955,7,1,17.953507270028485,57.58213683235647,3,1,205
2023-04-22 21:20:28.501955,0,2,25.10691156756635,54.67629201078989,3,4,299
2023-04-22 21:20:28.501955,22,8,15.555594363475263,61.48799062972993,2,4,30
2023-04-22 21:20:28.501955,46,31,18.72657044638089,58.61639155957519,1,4,407
2023-04-22 21:20:28.501955,23,24,25.311412691546305,48.21515889485374,3,1,61
2023-04-22 21:20:28.501955,25,4,12.387523112661455,47.517908431339265,4,3,60
2023-04-22 21:20:28.501955,0,34,9.489184632186872,39.4558723389633,2,2,262
2023-04-22 21:20:28.501955,29,49,25.47254786198943,48.93901914160347,1,3,125
2023-04-22 21:20:28.501955,48,34,19.932634204074677,45.470149936827426,2,2,99
2023-04-22 21:20:28.501955,7,40,23.817609090742575,37.53397737227192,3,3,367
2023-04-22 21:20:28.501955,35,14,19.647661321086247,46.00881618887137,3,2,359
2023-04-22 21:20:28.501955,40,39,20.27917085345805,51.910077275668655,3,2,458
2023-04-22 21:20:28.501955,15,43,24.123626451973287,39.89548807308887,1,3,452
2023-04-22 21:20:28.501955,7,32,18.245379580108178,38.104411056912866,1,3,347
2023-04-22 21:20:28.501955,6,34,22.30583946371131,61.91143360197459,4,4,48
2023-04-22 21:20:28.501955,43,15,24.120840667984325,43.38978167134132,3,3,357
2023-04-22 21:20:28.501955,44,28,15.852560422623107,41.346158971138465,1,2,156
2023-04-22 21:20:28.501955,12,20,19.002963929607365,38.3554830529215,3,2,89
2023-04-22 21:20:28.501955,48,29,24.860423621146914,50.85789764637352,4,2,55
2023-04-22 21:20:28.501955,46,36,17.93097670804156,58.6394456854822,1,2,374
2023-04-22 21:20:28.501955,9,34,20.772223772567155,47.493871436519754,2,2,47
2023-04-22 21:20:28.501955,35,47,22.063369756770896,64.70986115266015,2,3,395
2023-04-22 21:20:28.501955,2,2,16.55061126175546,52.62398328841671,3,1,424
2023-04-22 21:20:28.501955,23,18,14.60161728702686,52.5905938147787,3,3,293
2023-04-22 21:20:28.501955,27,23,21.1403918002682,50.29413518358157,1,1,254
2023-04-22 21:20:28.501955,42,41,20.3782373860836,42.259360588196714,3,1,431
2023-04-22 21:20:28.501955,27,17,18.179942806937547,50.84497867093593,2,4,357
2023-04-22 21:20:28.501955,25,42,12.237196000059534,48.43942036771415,1,3,180
2023-04-22 21:20:28.501955,48,49,19.73307480073421,57.09437850707642,4,3,151
2023-04-22 21:20:28.501955,34,38,18.629748284036115,36.53912593084968,1,3,462
2023-04-22 21:20:28.501955,18,5,26.396659973215087,46.07183953676356,4,3,94
2023-04-22 21:20:28.501955,36,11,25.36795900316259,44.566456457662014,3,3,258
2023-04-22 21:20:28.501955,1,16,16.826272001714283,38.34445561408547,4,3,15
2023-04-22 21:20:28.501955,49,0,18.980461957454374,56.685111459651836,4,3,118
2023-04-22 21:20:28.501955,13,3,11.161210083225402,23.57428408764931,3,4,318
2023-04-22 21:20:28.501955,41,22,24.209134408431755,43.29309702531814,2,4,70
2023-04-22 21:20:28.501955,21,2,12.724969700722479,36.1731267698894,1,1,264
2023-04-22 21:20:28.501955,13,1,21.397928410594346,54.18203915163876,4,3,19
2023-04-22 21:20:28.501955,14,45,21.727987714442087,66.73518917025802,2,1,58
2023-04-22 21:20:28.501955,9,49,12.491981947731533,45.29514922627031,2,1,138
2023-04-22 21:20:28.501955,23,19,30.76647002922182,53.34379254495237,2,1,480
2023-04-22 21:20:28.501955,37,24,27.18587589466169,44.48638111855728,3,4,59
2023-04-22 21:20:28.501955,2,5,14.205937002100276,48.1956812039602,1,3,464
2023-04-22 21:20:28.501955,40,34,22.435189249319755,22.039344612099015,3,4,493
2023-04-22 21:20:28.501955,45,19,19.175858481414508,37.07319712531819,1,4,253
2023-04-22 21:20:28.501955,40,41,27.385556123196043,66.00225415532722,3,3,356
2023-04-22 21:20:28.501955,46,7,13.039232992072245,58.38135991002507,4,1,214
2023-04-22 21:20:28.501955,38,43,31.76761146898137,50.57744241295646,4,3,196
2023-04-22 21:20:28.501955,27,47,15.05909033227316,61.84872178643016,4,4,121
2023-04-22 21:20:28.501955,49,4,15.959636083291294,53.032685868724734,4,2,52
2023-04-22 21:20:28.501955,34,19,18.267147901148032,65.38110526110343,4,3,248
2023-04-22 21:20:28.501955,27,33,19.868239794337594,52.6534946541769,1,2,441
2023-04-22 21:20:28.501955,0,0,26.350427036442994,40.893587083681226,3,4,58
2023-04-22 21:20:28.501955,45,49,18.685042972400808,51.215115774631876,2,3,73
2023-04-22 21:20:28.501955,31,7,27.60741327999682,32.94034616846953,1,2,228
2023-04-22 21:20:28.501955,5,16,12.025588065338379,50.558029488982854,3,1,217
2023-04-22 21:20:28.501955,9,29,17.897436465544562,42.186365442817596,2,2,146
2023-04-22 21:20:28.501955,49,7,21.538162826761564,38.44425696769487,3,1,54
2023-04-22 21:20:28.501955,5,4,19.706048490031574,50.16848993952308,1,3,297
2023-04-22 21:20:28.501955,41,45,18.3513113833289,43.975268411221904,2,3,494
2023-04-22 21:20:28.501955,38,7,24.652527734544826,77.91611483339595,2,3,1
2023-04-22 21:20:28.501955,13,14,16.127084773847066,47.786131864489285,2,2,471
2023-04-22 21:20:28.501955,19,44,28.172625481611274,51.655358058816084,3,4,36
2023-04-22 21:20:28.501955,29,10,15.226784604950357,51.012615375596795,1,3,73
2023-04-22 21:20:28.501955,48,30,18.211736986130674,60.00185781825822,4,4,238
2023-04-22 21:20:28.501955,38,29,30.629182477969266,51.71100442927335,2,3,380
2023-04-22 21:20:28.501955,1,10,16.04377124140212,40.598600375319904,4,2,182
2023-04-22 21:20:28.501955,22,27,16.175279080101536,62.81516407239252,3,2,391
2023-04-22 21:20:28.501955,10,21,20.63155674817446,40.938423820069836,2,2,153
2023-04-22 21:20:28.501955,38,5,7.9767530022429405,55.4947207628138,3,1,247
2023-04-22 21:20:28.501955,7,30,27.771051595428396,63.002671197492404,2,4,389
2023-04-22 21:20:28.501955,23,37,21.25858787251454,45.571825180415495,4,1,346
2023-04-22 21:20:28.501955,21,49,14.444214843464444,36.17723695247331,3,4,296
2023-04-22 21:20:28.501955,49,35,18.683354991886333,37.7464406907182,3,4,103
2023-04-22 21:20:28.501955,4,47,18.80094078195161,61.19172481737161,2,2,363
2023-04-22 21:20:28.501955,44,19,15.920079960146191,44.00003335652458,2,4,45
2023-04-22 21:20:28.501955,3,27,20.588385011650395,63.56571216528063,3,1,260
2023-04-22 21:20:28.501955,10,38,21.75557068500804,43.792288275480885,4,1,251
2023-04-22 21:20:28.501955,4,35,16.20814173850804,46.861562770426026,2,1,58
2023-04-22 21:20:28.501955,33,44,30.61088594912142,24.37999289078569,4,4,108
2023-04-22 21:20:28.501955,0,36,15.6225095880923,52.2818607322928,4,2,477
2023-04-22 21:20:28.501955,16,14,19.942887366831012,46.9615745060291,2,4,7
2023-04-22 21:20:28.501955,20,44,18.05783461602752,38.21046622203063,2,4,144
2023-04-22 21:20:28.501955,16,49,29.912646217064424,46.743621542055365,2,4,195
2023-04-22 21:20:28.501955,9,17,23.820547960889936,40.31760756220416,4,3,87
2023-04-22 21:20:28.501955,46,41,18.380934685450235,39.80485263218882,2,2,61
2023-04-22 21:20:28.501955,26,1,20.98618573541343,35.8968310797534,1,2,476
2023-04-22 21:20:28.501955,38,1,17.10372832599125,43.017289727536,4,3,307
2023-04-22 21:20:28.501955,26,40,24.71169099777102,61.24545375771699,1,1,167
2023-04-22 21:20:28.501955,43,35,18.253901851227862,45.8273395631916,1,4,82
2023-04-22 21:20:28.501955,41,24,26.13430636871622,50.59392967004968,1,3,178
2023-04-22 21:20:28.501955,23,12,27.353647179702186,54.21146078514836,3,1,188
2023-04-22 21:20:28.501955,21,41,22.143963303167876,54.82655813276862,3,1,126
2023-04-22 21:20:28.501955,44,44,20.037351059244486,34.541965072443794,1,4,398
2023-04-22 21:20:28.501955,22,17,25.87778204171698,62.80519792179771,3,4,143
2023-04-22 21:20:28.501955,9,1,16.846665100382896,40.85554804960516,2,4,347
2023-04-22 21:20:28.501955,46,30,15.568212502578481,38.462441879740396,4,2,208
2023-04-22 21:20:28.501955,31,36,20.3152905272689,56.32511316573919,2,3,328
2023-04-22 21:20:28.501955,30,43,13.446890872681474,42.916127727605534,4,3,499
2023-04-22 21:20:28.501955,41,11,22.62936440742297,70.20856144227716,1,2,181
2023-04-22 21:20:28.501955,29,14,18.28302383589047,34.43374892577927,1,2,392
2023-04-22 21:20:28.501955,37,20,19.813727773256936,51.608496508247285,2,4,59
2023-04-22 21:20:28.501955,13,48,25.629519367651753,54.868842182780796,1,2,22
2023-04-22 21:20:28.501955,6,9,14.368010704529901,65.65323719198858,3,1,214
2023-04-22 21:20:28.501955,31,5,23.348913458532316,48.05995425675408,1,1,204
2023-04-22 21:20:28.501955,3,8,13.018594333382516,48.63325866815219,3,2,82
2023-04-22 21:20:28.501955,8,32,19.41352327278757,41.14741158595633,1,2,325
2023-04-22 21:20:28.501955,16,3,20.319546160179964,68.1484562368143,3,1,64
2023-04-22 21:20:28.501955,0,28,24.595875647278802,71.47116904656818,2,3,17
2023-04-22 21:20:28.501955,15,45,24.58999857483515,55.85860243685855,2,4,152
2023-04-22 21:20:28.501955,43,6,16.70520123390782,36.08044100395815,1,1,149
2023-04-22 21:20:28.501955,41,20,11.885793990142451,51.413069369643075,1,1,206
2023-04-22 21:20:28.501955,39,10,19.848757177642405,57.25075679824727,4,3,164
2023-04-22 21:20:28.501955,23,38,24.859005839692404,34.91342937156226,4,4,290
2023-04-22 21:20:28.501955,29,15,28.660150565287672,43.79415295969833,1,4,278
2023-04-22 21:20:28.501955,17,15,15.308573257627064,68.08772943539572,3,4,82
2023-04-22 21:20:28.501955,28,8,19.65028164968116,34.99519437764505,2,3,199
2023-04-22 21:20:28.501955,31,32,22.20779745674099,50.07295642148732,1,3,25
2023-04-22 21:20:28.501955,35,6,21.45177321913588,60.83077768478195,4,2,234
2023-04-22 21:20:28.501955,31,43,8.135296823181505,55.82986436780472,3,3,303
2023-04-22 21:20:28.501955,35,14,23.53889780139689,48.89927021629117,2,2,238
2023-04-22 21:20:28.501955,19,1,17.207381409318234,34.467052108006534,4,2,490
2023-04-22 21:20:28.501955,38,47,21.44182912363391,40.6915813010187,2,2,188
2023-04-22 21:20:28.501955,12,19,13.937887943172125,45.13810957201815,4,1,375
2023-04-22 21:20:28.501955,38,43,17.63158823676231,39.14176902399756,1,1,1
2023-04-22 21:20:28.501955,41,13,14.061181708459939,47.18169997705884,4,1,132
2023-04-22 21:20:28.501955,3,9,25.146091999709586,56.38106333428009,2,1,64
2023-04-22 21:20:28.501955,36,2,20.373980613719066,47.498335929064496,3,1,383
2023-04-22 21:20:28.501955,48,30,15.622837521611356,31.257646048446126,4,1,85
2023-04-22 21:20:28.501955,13,8,14.668433574736676,53.22097779257244,1,1,376
2023-04-22 21:20:28.501955,14,43,25.989494071381227,42.764887259681885,3,1,118
2023-04-22 21:20:28.501955,31,49,19.01886054272998,47.909257435692034,2,2,497
2023-04-22 21:20:28.501955,37,19,19.14055115208841,42.38268922663668,2,2,489
2023-04-22 21:20:28.501955,6,47,20.88271692686945,62.193381050984314,4,3,353
2023-04-22 21:20:28.501955,34,14,22.101873396597515,32.032745288316264,2,1,119
2023-04-22 21:20:28.501955,30,30,31.82167243670542,38.98489027223689,3,2,82
2023-04-22 21:20:28.501955,3,4,12.113266603489276,36.75775119734201,2,3,463
2023-04-22 21:20:28.501955,39,40,19.8072041237414,39.33738166764542,4,1,392
2023-04-22 21:20:28.501955,2,45,22.508494680863944,60.221480767629224,3,3,345
2023-04-22 21:20:28.501955,34,26,25.256558431814227,53.52208828047883,3,3,105
2023-04-22 21:20:28.501955,49,20,20.966651596901116,37.94333487470294,4,3,25
2023-04-22 21:20:28.501955,15,41,16.89963499377364,20.072342839747673,4,1,487
2023-04-22 21:20:28.501955,6,36,23.38103409082228,40.45817793343296,2,1,328
2023-04-22 21:20:28.501955,23,29,17.194391988839115,42.774408792111856,4,3,385
2023-04-22 21:20:28.501955,46,47,25.581848363920933,40.04907684566906,2,2,481
2023-04-22 21:20:28.501955,26,10,18.253911739162913,49.100590928964245,3,2,89
2023-04-22 21:20:28.501955,20,48,16.23482820022721,59.29044279979853,1,4,198
2023-04-22 21:20:28.501955,29,32,22.674846972021772,50.4646420705338,4,1,278
2023-04-22 21:20:28.501955,19,11,22.006762294571345,54.45557148638801,2,1,290
2023-04-22 21:20:28.501955,47,8,26.351168435138064,38.91423322620567,3,4,37
2023-04-22 21:20:28.501955,41,33,20.432865833878658,50.7724774625727,4,3,373
2023-04-22 21:20:28.501955,13,9,16.08513654627959,44.62301944631538,1,2,302
2023-04-22 21:20:28.501955,6,27,21.344161863714298,42.65662008221345,4,3,431
2023-04-22 21:20:28.501955,25,27,22.319609461073185,44.55543462716151,2,2,277
2023-04-22 21:20:28.501955,11,15,24.665117153678253,46.43266936350144,1,1,309
2023-04-22 21:20:28.501955,24,49,19.157779892302557,58.83103910177303,3,3,452
2023-04-22 21:20:28.501955,47,47,19.121216366192584,69.02917633887974,4,4,335
2023-04-22 21:20:28.501955,10,7,20.51647484001356,50.346656756857776,4,1,266
2023-04-22 21:20:28.501955,7,8,19.71478556145311,61.686300049475605,4,1,326
2023-04-22 21:20:28.501955,18,10,13.786552898694872,50.388443012158874,3,4,14
2023-04-22 21:20:28.501955,30,5,13.012631362265136,56.811355335447594,4,2,132
2023-04-22 21:20:28.501955,38,13,19.709396999718717,45.28759947135356,2,4,48
2023-04-22 21:20:28.501955,0,15,18.21183487011728,56.32234630369915,2,1,287
2023-04-22 21:20:28.501955,5,9,21.313821094745663,67.46342742407265,3,4,309
2023-04-22 21:20:28.501955,3,23,18.97892381960496,36.76557359036341,1,3,282
2023-04-22 21:20:28.501955,19,41,25.168719607865338,53.84372120165447,2,4,344
2023-04-22 21:20:28.501955,19,28,13.518774671928693,43.44264342538714,2,1,17
2023-04-22 21:20:28.501955,29,17,15.620970924837973,57.135409282041,2,4,345
2023-04-22 21:20:28.501955,14,2,21.43139053721517,50.31140627843857,1,2,127
2023-04-22 21:20:28.501955,35,37,24.43102346921291,37.690294699843484,3,3,347
2023-04-22 21:20:28.501955,24,36,15.956993434133231,56.345183547095196,4,3,492
2023-04-22 21:20:28.501955,47,0,25.08205267935451,49.203146136449384,2,1,23
2023-04-22 21:20:28.501955,5,14,21.825597346541166,46.83250155672235,1,1,46
2023-04-22 21:20:28.501955,2,33,18.380819070783595,67.28811511410109,3,1,490
2023-04-22 21:20:28.501955,14,48,29.30343754149075,46.71405491358039,4,2,458
2023-04-22 21:20:28.501955,23,26,23.356926504210634,48.63201981975146,1,4,113
2023-04-22 21:20:28.501955,43,32,16.120530466642165,50.29742231442631,3,2,172
2023-04-22 21:20:28.501955,33,1,22.659739589120306,57.96648778645556,2,2,321
2023-04-22 21:20:28.501955,38,49,16.91290216488039,53.371788049220555,1,4,318
2023-04-22 21:20:28.501955,10,45,17.533383766725002,54.746249192196416,1,3,38
2023-04-22 21:20:28.501955,21,4,21.938911896001798,41.77906253045944,3,4,338
2023-04-22 21:20:28.501955,38,34,20.74512221373028,33.05866794881806,2,4,396
2023-04-22 21:20:28.501955,9,24,17.94038842191984,57.174089735102314,2,3,459
2023-04-22 21:20:28.501955,42,21,21.785501378907874,47.959048714966585,1,1,125
2023-04-22 21:20:28.501955,8,39,24.1107103588849,28.527345951343467,1,2,335
2023-04-22 21:20:28.501955,21,26,22.967807007124975,60.374651154880084,2,2,61
2023-04-22 21:20:28.501955,37,29,19.768645718320073,54.34374276039121,1,2,367
2023-04-22 21:20:28.501955,47,7,10.204827691341059,49.62468236702851,2,3,182
2023-04-22 21:20:28.501955,24,19,17.216153014124732,49.08638381481606,1,1,300
2023-04-22 21:20:28.501955,9,6,15.02893415626486,49.957328428135796,2,4,93
2023-04-22 21:20:28.501955,1,38,32.79512398646105,37.82723656563263,3,2,485
2023-04-22 21:20:28.501955,48,11,20.805180932871156,38.13444212136641,4,1,446
2023-04-22 21:20:28.501955,34,32,19.283779499618113,33.09100065603211,1,3,481
2023-04-22 21:20:28.501955,6,42,16.331144827885048,56.56960996336937,2,1,248
2023-04-22 21:20:28.501955,37,22,14.459708758067965,52.0159054389396,3,1,343
2023-04-22 21:20:28.501955,44,46,29.42061974766296,40.42564906092922,2,4,162
2023-04-22 21:20:28.501955,10,2,22.59758051795951,61.98558171472662,2,3,120
2023-04-22 21:20:28.501955,37,2,23.31078509196562,69.96571894595567,1,4,446
2023-04-22 21:20:28.501955,22,20,24.3026407196834,39.710753854895486,4,4,184
2023-04-22 21:20:28.501955,38,0,16.061080246114532,44.18227893864429,3,1,405
2023-04-22 21:20:28.501955,10,17,22.758698436274027,67.07646526162048,3,3,188
2023-04-22 21:20:28.501955,40,28,7.83885752675215,53.035422696410684,3,1,390
2023-04-22 21:20:28.501955,14,45,25.435185499352603,49.34266302775539,1,3,285
2023-04-22 21:20:28.501955,39,30,22.087806331948375,51.544321515577,1,4,121
2023-04-22 21:20:28.501955,36,36,18.952641187535455,50.99125317486752,4,3,191
2023-04-22 21:20:28.501955,24,10,19.378487637974544,46.17541888555968,4,1,247
2023-04-22 21:20:28.501955,48,39,15.815288863515192,46.319505847208525,2,3,242
2023-04-22 21:20:28.501955,45,47,22.27044399683691,63.23409808839094,3,2,393
2023-04-22 21:20:28.501955,2,13,19.239864627404476,50.79061235566482,2,1,288
2023-04-22 21:20:28.501955,18,0,17.632425682639813,39.31845846614348,2,4,436
2023-04-22 21:20:28.501955,28,39,15.57062447757115,55.556728456756794,4,3,216
2023-04-22 21:20:28.501955,3,17,22.555902435117158,62.82728187823827,4,3,474
2023-04-22 21:20:28.501955,33,21,18.293345359165862,47.253427447044416,2,1,180
2023-04-22 21:20:28.501955,10,33,19.627955202123047,40.7528803041524,4,3,448
2023-04-22 21:20:28.501955,13,32,16.219606768468076,44.531716609996415,3,4,339
2023-04-22 21:20:28.501955,9,17,14.460452234537858,48.29148023862446,2,4,204
2023-04-22 21:20:28.501955,14,35,25.16670352632405,52.71443444065685,2,4,348
2023-04-22 21:20:28.501955,29,7,25.485297318653117,47.766256951741966,2,2,152
2023-04-22 21:20:28.501955,26,7,17.859919534252217,54.79340197780591,4,1,372
2023-04-22 21:20:28.501955,39,37,22.234512216595625,60.06618576985555,3,2,167
2023-04-22 21:20:28.501955,36,19,14.484069844546433,38.59346236780757,1,3,347
2023-04-22 21:20:28.501955,24,22,16.618186112371045,41.12226094955804,3,3,412
2023-04-22 21:20:28.501955,43,48,27.70047792073169,66.83157400618038,2,3,301
2023-04-22 21:20:28.501955,24,15,21.98444058192264,57.76455399871727,3,3,55
2023-04-22 21:20:28.501955,11,10,19.207490737415156,57.59465154092982,3,3,330
2023-04-22 21:20:28.501955,39,31,26.35640102979,49.91489641756186,3,4,256
2023-04-22 21:20:28.501955,1,44,12.228733226496777,43.36823617994156,1,2,136
2023-04-22 21:20:28.501955,8,43,22.834857429587657,50.31106284962124,1,1,357
2023-04-22 21:20:28.501955,1,11,19.488540323160315,52.41388220805891,2,3,221
2023-04-22 21:20:28.501955,11,13,18.698711787788497,66.03717458259449,4,1,58
2023-04-22 21:20:28.501955,27,12,17.888995789449197,55.48199047014733,4,4,269
2023-04-22 21:20:28.501955,12,13,21.831153179442502,40.345176764878474,2,1,350
2023-04-22 21:20:28.501955,43,2,20.477309954743745,37.178953819647234,2,2,289
2023-04-22 21:20:28.501955,47,0,26.15375601862854,45.666947005181086,1,1,401
2023-04-22 21:20:28.501955,17,36,22.853310036775625,38.93018731108546,3,4,480
2023-04-22 21:20:28.501955,17,26,19.800003601737494,82.40374872396966,3,1,190
2023-04-22 21:20:28.501955,26,21,15.416203513272345,61.94592834320998,1,2,174
2023-04-22 21:20:28.501955,15,14,20.08110355554201,52.75091307028644,2,1,317
2023-04-22 21:20:28.501955,27,16,12.074329012320222,50.36010562365308,4,1,209
2023-04-22 21:20:28.501955,23,29,19.328450548951594,62.018099311277474,4,2,62
2023-04-22 21:20:28.501955,29,8,29.29748856880626,54.797918885504345,3,4,441
2023-04-22 21:20:28.501955,7,20,16.03110167143726,69.53537475913811,4,2,45
2023-04-22 21:20:28.501955,8,37,18.04916692095249,41.82969392396602,3,4,425
2023-04-22 21:20:28.501955,32,33,30.30280267062448,44.210356160024446,2,3,295
2023-04-22 21:20:28.501955,22,20,18.50428668109742,27.962138873904067,2,1,207
2023-04-22 21:20:28.501955,46,48,16.81745139394883,56.49160549111297,3,2,316
2023-04-22 21:20:28.501955,5,38,22.91064788223735,30.243933117695676,2,3,422
2023-04-22 21:20:28.501955,7,14,27.96488939032118,37.26109011635559,3,3,32
2023-04-22 21:20:28.501955,27,21,17.39428932964325,51.17853370335058,2,3,135
2023-04-22 21:20:28.501955,27,44,21.5078922106628,45.43977570854045,1,4,326
2023-04-22 21:20:28.501955,34,47,14.508122848661522,52.27774626732265,2,2,65
2023-04-22 21:20:28.501955,16,20,27.349131300711306,52.86425435679051,4,3,365
2023-04-22 21:20:28.501955,26,47,21.56995494341611,50.45461448687243,2,2,302
2023-04-22 21:20:28.501955,34,48,25.186063854195567,38.28280927197439,3,4,12
2023-04-22 21:20:28.501955,24,28,16.432905857756637,41.13195080898623,1,3,466
2023-04-22 21:20:28.501955,33,48,24.342746114194856,53.83869001571874,1,1,178
2023-04-22 21:20:28.501955,36,34,12.097110363554677,64.8051357751893,3,4,2
2023-04-22 21:20:28.501955,8,36,13.950757555195551,48.99632325417646,4,1,279
2023-04-22 21:20:28.501955,10,7,10.235670750687586,48.92354320761144,4,3,86
2023-04-22 21:20:28.501955,20,1,14.139480717368754,55.89158593965044,4,3,327
2023-04-22 21:20:28.501955,11,19,16.93498066667143,40.329298847072145,3,3,33
2023-04-22 21:20:28.501955,38,38,15.054544694470561,44.33664032054351,4,3,261
2023-04-22 21:20:28.501955,48,37,13.25234526896061,28.219350217862743,1,1,213
2023-04-22 21:20:28.501955,37,22,26.203114249289538,45.65526069209762,3,3,232
2023-04-22 21:20:28.501955,41,46,19.442930028425664,56.828133354118215,4,1,0
2023-04-22 21:20:28.501955,46,9,18.21949895342703,41.985962402348264,2,2,143
2023-04-22 21:20:28.501955,47,40,13.763338177383082,63.57240027140656,1,3,35
2023-04-22 21:20:28.501955,46,44,16.265778667606515,49.75622289656018,1,3,201
2023-04-22 21:20:28.501955,18,13,21.63587405019984,46.464686928163836,1,3,240
2023-04-22 21:20:28.501955,9,42,23.52210452445101,73.17126608647015,2,1,405
2023-04-22 21:20:28.501955,3,19,13.618972256245346,48.67381448377237,2,1,422
2023-04-22 21:20:28.501955,9,12,16.31668317830063,43.53789486000818,4,2,496
2023-04-22 21:20:28.501955,44,12,19.54326352229561,50.15145219588342,3,3,226
2023-04-22 21:20:28.501955,1,26,22.54963412789648,59.249838960692855,3,3,340
2023-04-22 21:20:28.501955,2,40,19.370395172776707,38.16331944643325,1,4,20
2023-04-22 21:20:28.501955,8,6,20.403992073921714,49.640582028720786,1,3,233
2023-04-22 21:20:28.501955,1,36,22.235594812224473,52.648375852390565,3,4,248
2023-04-22 21:20:28.501955,31,17,19.36385753844565,43.35225107632331,2,4,467
2023-04-22 21:20:28.501955,17,34,16.668246942769528,45.08451562161609,3,4,355
2023-04-22 21:20:28.501955,37,36,19.233763401698834,53.768935563681566,2,3,56
2023-04-22 21:20:28.501955,36,42,14.576851165669797,53.58921599979618,1,1,385
2023-04-22 21:20:28.501955,43,0,17.210066524630093,45.37562578695125,3,4,334
2023-04-22 21:20:28.501955,18,47,10.515983555471898,35.83709208619389,4,4,444
2023-04-22 21:20:28.501955,48,7,21.73815218827446,27.240085990467072,2,4,475
2023-04-22 21:20:28.501955,49,48,17.906476396484145,41.37334887277461,4,1,182
2023-04-22 21:20:28.501955,17,42,13.03303907524403,33.21398564173572,4,2,317
2023-04-22 21:20:28.501955,36,30,15.726410104491208,40.000128622007246,1,4,342
2023-04-22 21:20:28.501955,9,44,32.61810866073062,65.49594383661474,2,2,72
2023-04-22 21:20:28.501955,12,40,25.48925707739327,38.733663017872765,2,4,44
2023-04-22 21:20:28.501955,19,36,25.001305727086574,54.348885730952695,3,3,406
2023-04-22 21:20:28.501955,42,2,22.604646575158277,52.17804939336016,1,2,45
2023-04-22 21:20:28.501955,34,19,23.98834479022734,54.102648751589065,4,3,398
2023-04-22 21:20:28.501955,31,32,22.717775645518497,59.417792391477164,2,2,381
2023-04-22 21:20:28.501955,41,14,17.563559085244798,45.913973049388815,4,2,97
2023-04-22 21:20:28.501955,16,46,24.807664402492545,49.750581536410834,4,3,167
2023-04-22 21:20:28.501955,46,42,20.897108119122983,40.60298561157948,3,3,311
2023-04-22 21:20:28.501955,41,24,19.784629232075087,46.61388428529761,2,1,345
2023-04-22 21:20:28.501955,20,19,19.130860109961397,56.39809854184213,3,3,498
2023-04-22 21:20:28.501955,28,14,13.801446712066927,58.03151576222416,3,2,189
2023-04-22 21:20:28.501955,38,45,16.483305557383396,51.63548625063855,4,2,146
2023-04-22 21:20:28.501955,23,42,18.78753071573811,41.442643539952115,2,4,163
2023-04-22 21:20:28.501955,48,15,20.830030723558117,47.27795974019812,4,3,371
2023-04-22 21:20:28.501955,17,47,23.219710977908697,61.076381539396436,3,4,7
2023-04-22 21:20:28.501955,45,38,14.568068780615254,40.68868345420699,4,4,350
2023-04-22 21:20:28.501955,48,12,18.809932702734464,36.98268398871976,1,3,23
2023-04-22 21:20:28.501955,13,14,21.632905358019496,47.12691650533311,2,2,76
2023-04-22 21:20:28.501955,4,8,18.116277346398704,56.73305169496233,4,4,74
2023-04-22 21:20:28.501955,36,29,23.561477264638505,49.25783226208308,4,3,193
2023-04-22 21:20:28.501955,8,23,27.15768341309551,51.49168690980317,2,1,468
2023-04-22 21:20:28.501955,10,48,20.200532787512298,51.01791101808862,3,2,232
2023-04-22 21:20:28.501955,4,11,12.814847549828514,56.344312693640774,2,3,389
2023-04-22 21:20:28.501955,30,30,13.139389575682042,48.87059630242104,2,3,411
2023-04-22 21:20:28.501955,49,22,21.948377906068703,34.58383390934759,4,4,257
2023-04-22 21:20:28.501955,25,14,15.740879255439605,58.283393136776894,1,3,95
2023-04-22 21:20:28.501955,29,24,20.39349680305531,41.33193586133147,2,3,163
2023-04-22 21:20:28.501955,12,9,28.231069322384556,42.09819536984362,1,2,176
2023-04-22 21:20:28.501955,33,3,11.826421010188561,37.965661277951,3,3,7
2023-04-22 21:20:28.501955,42,11,17.731511794910865,50.97033541512326,1,4,225
2023-04-22 21:20:28.501955,6,23,19.541796568671348,67.1673883269301,3,1,275
2023-04-22 21:20:28.501955,4,2,10.978916852709336,46.853736993560126,3,2,431
2023-04-22 21:20:28.501955,34,32,22.195237922630852,39.86876201989045,4,3,86
2023-04-22 21:20:28.501955,13,42,19.78360718753249,58.47819039971088,2,4,104
2023-04-22 21:20:28.501955,5,6,16.72294683776474,22.49672721384198,4,3,212
2023-04-22 21:20:28.501955,18,31,15.757725841812526,48.81222663162076,3,4,104
2023-04-22 21:20:28.501955,31,19,19.254361812881374,40.05478662862177,2,1,108
2023-04-22 21:20:28.501955,18,3,22.073756597769698,44.238890498602395,2,1,224
2023-04-22 21:20:28.501955,42,5,16.464896842272488,51.01774575252894,3,3,175
2023-04-22 21:20:28.501955,16,33,19.86937899136962,46.813136421963485,4,1,451
2023-04-22 21:20:28.501955,9,48,31.211734081143398,32.93739733145098,4,3,236
2023-04-22 21:20:28.501955,31,17,24.469563494923722,38.316917282602894,2,3,243
2023-04-22 21:20:28.501955,40,27,17.334900620535404,43.68305923839111,2,1,369
2023-04-22 21:20:28.501955,18,15,17.892742593873088,55.330341585003524,3,4,86
2023-04-22 21:20:28.501955,20,5,16.202455329950176,47.50865239190751,1,4,477
2023-04-22 21:20:28.501955,1,26,15.569221478486632,45.49500542628118,2,4,55
2023-04-22 21:20:28.501955,13,20,22.41755933225192,60.986598112426826,1,2,103
2023-04-22 21:20:28.501955,36,19,8.240985390376194,55.38375200148821,2,3,448
2023-04-22 21:20:28.501955,17,10,14.177545736080846,58.1432751631495,4,4,264
2023-04-22 21:20:28.501955,21,17,18.149722303210158,46.90550232326917,4,2,382
2023-04-22 21:20:28.501955,4,3,22.43246219098797,47.319378076055216,3,2,255
2023-04-22 21:20:28.501955,0,47,18.304075151729013,22.627894127902948,3,4,334
2023-04-22 21:20:28.501955,45,5,15.776110652954934,57.97697695176944,1,4,470
2023-04-22 21:20:28.501955,48,36,24.268996693753955,45.16478068545387,1,4,359
2023-04-22 21:20:28.501955,19,1,27.26922996647004,58.298432904973126,1,4,449
2023-04-22 21:20:28.501955,39,38,18.60589263867748,49.48631602244153,2,2,402
2023-04-22 21:20:28.501955,33,26,21.994137492581412,38.220475473228966,3,2,292
2023-04-22 21:20:28.501955,2,41,25.37705941528285,38.48479505578877,2,4,229
2023-04-22 21:20:28.501955,33,30,21.73291528692899,76.47479323349077,4,2,132
2023-04-22 21:20:28.501955,46,12,23.03260967548845,51.379355370294434,1,4,194
2023-04-22 21:20:28.501955,17,34,23.596000587102065,50.61263030254836,1,1,6
2023-04-22 21:20:28.501955,23,29,21.974105608072357,38.34547927696381,1,1,48
2023-04-22 21:20:28.501955,32,0,19.856814693433126,37.57073760774832,4,1,78
2023-04-22 21:20:28.501955,21,40,38.44778080824462,53.00196574866379,4,3,181
2023-04-22 21:20:28.501955,4,18,17.718844451443765,48.75721216271565,2,1,393
2023-04-22 21:20:28.501955,2,35,27.381515134677592,39.30232720968563,2,2,332
2023-04-22 21:20:28.501955,0,2,27.55430567758342,52.88654141720823,4,1,461
2023-04-22 21:20:28.501955,38,30,16.09723402866093,55.39507718709902,1,2,270
2023-04-22 21:20:28.501955,28,21,15.939217116589568,44.5256928416094,2,2,155
2023-04-22 21:20:28.501955,35,28,28.097563732815104,45.448303274051135,3,3,314
2023-04-22 21:20:28.501955,1,31,14.0354040728261,63.98321840414896,2,3,342
2023-04-22 21:20:28.501955,7,11,15.03792041939889,47.69762645241781,4,3,383
2023-04-22 21:20:28.501955,37,42,30.064182096477342,41.75937694090732,2,4,175
2023-04-22 21:20:28.501955,12,23,9.619341597811143,45.38512564576273,3,2,4
2023-04-22 21:20:28.501955,39,28,9.526900445613718,45.24833013013377,3,3,57
2023-04-22 21:20:28.501955,29,41,22.983811599306236,54.08839277541891,4,2,49
2023-04-22 21:20:28.501955,24,10,15.074836207772485,39.08250001364532,3,3,429
2023-04-22 21:20:28.501955,47,20,18.856308829315925,56.65484416424017,2,4,383
2023-04-22 21:20:28.501955,21,14,12.814228243610762,61.20145511354795,1,2,305
2023-04-22 21:20:28.501955,2,9,6.85695406974177,45.827527665822544,1,3,210
2023-04-22 21:20:28.501955,1,39,16.873413041739617,54.880527226782924,1,1,231
2023-04-22 21:20:28.501955,20,8,19.859568528743598,35.09802873971579,4,3,484
2023-04-22 21:20:28.501955,35,38,19.457675645627056,70.98764733041409,3,2,468
2023-04-22 21:20:28.501955,33,1,16.56938888783279,45.322582209897696,2,4,404
2023-04-22 21:20:28.501955,14,26,15.584358074232131,53.94314498860512,1,4,63
2023-04-22 21:20:28.501955,43,25,22.852169126784936,38.95423553431314,2,3,53
2023-04-22 21:20:28.501955,14,28,16.15020203508273,47.972339392201285,2,2,326
2023-04-22 21:20:28.501955,19,33,21.30809342587678,54.61981667149205,3,2,197
2023-04-22 21:20:28.501955,49,20,9.184989804493009,43.348930885514804,2,1,346
2023-04-22 21:20:28.501955,32,36,13.599142533563747,63.2020835892755,3,1,248
2023-04-22 21:20:28.501955,35,45,19.381621678212916,55.14986004112944,4,1,478
2023-04-22 21:20:28.501955,38,18,11.011177832509615,49.55113643372915,4,4,185
2023-04-22 21:20:28.501955,8,0,19.73382760076801,52.57496027402543,2,3,264
2023-04-22 21:20:28.501955,41,49,15.85887383899239,52.071574235848395,2,2,335
2023-04-22 21:20:28.501955,40,2,22.21632137706535,56.47789485652964,4,3,67
2023-04-22 21:20:28.501955,14,26,13.377306624394755,39.839294053751175,3,4,182
2023-04-22 21:20:28.501955,35,27,19.07827146793234,49.39520802292546,4,3,31
2023-04-22 21:20:28.501955,38,37,23.804418173815716,56.862113500899156,4,1,74
2023-04-22 21:20:28.501955,45,16,18.59034326463718,58.42958959787859,3,2,143
2023-04-22 21:20:28.501955,20,12,20.670329498772226,38.1434997131813,1,4,233
2023-04-22 21:20:28.501955,17,28,16.34761187415419,41.33444221815907,4,2,490
2023-04-22 21:20:28.501955,33,20,14.787956229095066,33.5557868765645,3,4,21
2023-04-22 21:20:28.501955,18,18,17.866103699654467,50.838235057582764,3,4,65
2023-04-22 21:20:28.501955,31,43,25.678631343653176,51.66403939007452,3,4,412
2023-04-22 21:20:28.501955,25,43,16.63694698751564,48.61468037930948,4,1,437
